/*
 Navicat Premium Data Transfer

 Source Server         : 阿里云服务器
 Source Server Type    : MySQL
 Source Server Version : 80028
 Source Host           : 47.106.114.183:3306
 Source Schema         : sportPlacePlatform

 Target Server Type    : MySQL
 Target Server Version : 80028
 File Encoding         : 65001

 Date: 22/02/2022 16:56:54
*/
create database sportPlacePlatform;
use sportPlacePlatform;
SET NAMES utf8mb4;
SET FOREIGN_KEY_CHECKS = 0;

-- ----------------------------
-- Table structure for ACT_EVT_LOG
-- ----------------------------
DROP TABLE IF EXISTS `ACT_EVT_LOG`;
CREATE TABLE `ACT_EVT_LOG` (
  `LOG_NR_` bigint NOT NULL AUTO_INCREMENT,
  `TYPE_` varchar(64) CHARACTER SET utf8 COLLATE utf8_bin DEFAULT NULL,
  `PROC_DEF_ID_` varchar(64) CHARACTER SET utf8 COLLATE utf8_bin DEFAULT NULL,
  `PROC_INST_ID_` varchar(64) CHARACTER SET utf8 COLLATE utf8_bin DEFAULT NULL,
  `EXECUTION_ID_` varchar(64) CHARACTER SET utf8 COLLATE utf8_bin DEFAULT NULL,
  `TASK_ID_` varchar(64) CHARACTER SET utf8 COLLATE utf8_bin DEFAULT NULL,
  `TIME_STAMP_` timestamp(3) NOT NULL,
  `USER_ID_` varchar(255) CHARACTER SET utf8 COLLATE utf8_bin DEFAULT NULL,
  `DATA_` longblob,
  `LOCK_OWNER_` varchar(255) CHARACTER SET utf8 COLLATE utf8_bin DEFAULT NULL,
  `LOCK_TIME_` timestamp(3) NULL DEFAULT NULL,
  `IS_PROCESSED_` tinyint DEFAULT '0',
  PRIMARY KEY (`LOG_NR_`)
) ENGINE=InnoDB DEFAULT CHARSET=utf8mb3 COLLATE=utf8_bin;

-- ----------------------------
-- Records of ACT_EVT_LOG
-- ----------------------------
BEGIN;
COMMIT;

-- ----------------------------
-- Table structure for ACT_GE_BYTEARRAY
-- ----------------------------
DROP TABLE IF EXISTS `ACT_GE_BYTEARRAY`;
CREATE TABLE `ACT_GE_BYTEARRAY` (
  `ID_` varchar(64) CHARACTER SET utf8 COLLATE utf8_bin NOT NULL,
  `REV_` int DEFAULT NULL,
  `NAME_` varchar(255) CHARACTER SET utf8 COLLATE utf8_bin DEFAULT NULL,
  `DEPLOYMENT_ID_` varchar(64) CHARACTER SET utf8 COLLATE utf8_bin DEFAULT NULL,
  `BYTES_` longblob,
  `GENERATED_` tinyint DEFAULT NULL,
  PRIMARY KEY (`ID_`),
  KEY `ACT_FK_BYTEARR_DEPL` (`DEPLOYMENT_ID_`),
  CONSTRAINT `ACT_FK_BYTEARR_DEPL` FOREIGN KEY (`DEPLOYMENT_ID_`) REFERENCES `ACT_RE_DEPLOYMENT` (`ID_`)
) ENGINE=InnoDB DEFAULT CHARSET=utf8mb3 COLLATE=utf8_bin;

-- ----------------------------
-- Records of ACT_GE_BYTEARRAY
-- ----------------------------
BEGIN;
COMMIT;

-- ----------------------------
-- Table structure for ACT_GE_PROPERTY
-- ----------------------------
DROP TABLE IF EXISTS `ACT_GE_PROPERTY`;
CREATE TABLE `ACT_GE_PROPERTY` (
  `NAME_` varchar(64) CHARACTER SET utf8 COLLATE utf8_bin NOT NULL,
  `VALUE_` varchar(300) CHARACTER SET utf8 COLLATE utf8_bin DEFAULT NULL,
  `REV_` int DEFAULT NULL,
  PRIMARY KEY (`NAME_`)
) ENGINE=InnoDB DEFAULT CHARSET=utf8mb3 COLLATE=utf8_bin;

-- ----------------------------
-- Records of ACT_GE_PROPERTY
-- ----------------------------
BEGIN;
INSERT INTO `ACT_GE_PROPERTY` (`NAME_`, `VALUE_`, `REV_`) VALUES ('cfg.execution-related-entities-count', 'false', 1);
INSERT INTO `ACT_GE_PROPERTY` (`NAME_`, `VALUE_`, `REV_`) VALUES ('next.dbid', '1', 1);
INSERT INTO `ACT_GE_PROPERTY` (`NAME_`, `VALUE_`, `REV_`) VALUES ('schema.history', 'create(6.0.0.4)', 1);
INSERT INTO `ACT_GE_PROPERTY` (`NAME_`, `VALUE_`, `REV_`) VALUES ('schema.version', '6.0.0.4', 1);
COMMIT;

-- ----------------------------
-- Table structure for ACT_HI_ACTINST
-- ----------------------------
DROP TABLE IF EXISTS `ACT_HI_ACTINST`;
CREATE TABLE `ACT_HI_ACTINST` (
  `ID_` varchar(64) CHARACTER SET utf8 COLLATE utf8_bin NOT NULL,
  `PROC_DEF_ID_` varchar(64) CHARACTER SET utf8 COLLATE utf8_bin NOT NULL,
  `PROC_INST_ID_` varchar(64) CHARACTER SET utf8 COLLATE utf8_bin NOT NULL,
  `EXECUTION_ID_` varchar(64) CHARACTER SET utf8 COLLATE utf8_bin NOT NULL,
  `ACT_ID_` varchar(255) CHARACTER SET utf8 COLLATE utf8_bin NOT NULL,
  `TASK_ID_` varchar(64) CHARACTER SET utf8 COLLATE utf8_bin DEFAULT NULL,
  `CALL_PROC_INST_ID_` varchar(64) CHARACTER SET utf8 COLLATE utf8_bin DEFAULT NULL,
  `ACT_NAME_` varchar(255) CHARACTER SET utf8 COLLATE utf8_bin DEFAULT NULL,
  `ACT_TYPE_` varchar(255) CHARACTER SET utf8 COLLATE utf8_bin NOT NULL,
  `ASSIGNEE_` varchar(255) CHARACTER SET utf8 COLLATE utf8_bin DEFAULT NULL,
  `START_TIME_` datetime(3) NOT NULL,
  `END_TIME_` datetime(3) DEFAULT NULL,
  `DURATION_` bigint DEFAULT NULL,
  `DELETE_REASON_` varchar(4000) CHARACTER SET utf8 COLLATE utf8_bin DEFAULT NULL,
  `TENANT_ID_` varchar(255) CHARACTER SET utf8 COLLATE utf8_bin DEFAULT '',
  PRIMARY KEY (`ID_`),
  KEY `ACT_IDX_HI_ACT_INST_START` (`START_TIME_`),
  KEY `ACT_IDX_HI_ACT_INST_END` (`END_TIME_`),
  KEY `ACT_IDX_HI_ACT_INST_PROCINST` (`PROC_INST_ID_`,`ACT_ID_`),
  KEY `ACT_IDX_HI_ACT_INST_EXEC` (`EXECUTION_ID_`,`ACT_ID_`)
) ENGINE=InnoDB DEFAULT CHARSET=utf8mb3 COLLATE=utf8_bin;

-- ----------------------------
-- Records of ACT_HI_ACTINST
-- ----------------------------
BEGIN;
COMMIT;

-- ----------------------------
-- Table structure for ACT_HI_ATTACHMENT
-- ----------------------------
DROP TABLE IF EXISTS `ACT_HI_ATTACHMENT`;
CREATE TABLE `ACT_HI_ATTACHMENT` (
  `ID_` varchar(64) CHARACTER SET utf8 COLLATE utf8_bin NOT NULL,
  `REV_` int DEFAULT NULL,
  `USER_ID_` varchar(255) CHARACTER SET utf8 COLLATE utf8_bin DEFAULT NULL,
  `NAME_` varchar(255) CHARACTER SET utf8 COLLATE utf8_bin DEFAULT NULL,
  `DESCRIPTION_` varchar(4000) CHARACTER SET utf8 COLLATE utf8_bin DEFAULT NULL,
  `TYPE_` varchar(255) CHARACTER SET utf8 COLLATE utf8_bin DEFAULT NULL,
  `TASK_ID_` varchar(64) CHARACTER SET utf8 COLLATE utf8_bin DEFAULT NULL,
  `PROC_INST_ID_` varchar(64) CHARACTER SET utf8 COLLATE utf8_bin DEFAULT NULL,
  `URL_` varchar(4000) CHARACTER SET utf8 COLLATE utf8_bin DEFAULT NULL,
  `CONTENT_ID_` varchar(64) CHARACTER SET utf8 COLLATE utf8_bin DEFAULT NULL,
  `TIME_` datetime(3) DEFAULT NULL,
  PRIMARY KEY (`ID_`)
) ENGINE=InnoDB DEFAULT CHARSET=utf8mb3 COLLATE=utf8_bin;

-- ----------------------------
-- Records of ACT_HI_ATTACHMENT
-- ----------------------------
BEGIN;
COMMIT;

-- ----------------------------
-- Table structure for ACT_HI_COMMENT
-- ----------------------------
DROP TABLE IF EXISTS `ACT_HI_COMMENT`;
CREATE TABLE `ACT_HI_COMMENT` (
  `ID_` varchar(64) CHARACTER SET utf8 COLLATE utf8_bin NOT NULL,
  `TYPE_` varchar(255) CHARACTER SET utf8 COLLATE utf8_bin DEFAULT NULL,
  `TIME_` datetime(3) NOT NULL,
  `USER_ID_` varchar(255) CHARACTER SET utf8 COLLATE utf8_bin DEFAULT NULL,
  `TASK_ID_` varchar(64) CHARACTER SET utf8 COLLATE utf8_bin DEFAULT NULL,
  `PROC_INST_ID_` varchar(64) CHARACTER SET utf8 COLLATE utf8_bin DEFAULT NULL,
  `ACTION_` varchar(255) CHARACTER SET utf8 COLLATE utf8_bin DEFAULT NULL,
  `MESSAGE_` varchar(4000) CHARACTER SET utf8 COLLATE utf8_bin DEFAULT NULL,
  `FULL_MSG_` longblob,
  PRIMARY KEY (`ID_`)
) ENGINE=InnoDB DEFAULT CHARSET=utf8mb3 COLLATE=utf8_bin;

-- ----------------------------
-- Records of ACT_HI_COMMENT
-- ----------------------------
BEGIN;
COMMIT;

-- ----------------------------
-- Table structure for ACT_HI_DETAIL
-- ----------------------------
DROP TABLE IF EXISTS `ACT_HI_DETAIL`;
CREATE TABLE `ACT_HI_DETAIL` (
  `ID_` varchar(64) CHARACTER SET utf8 COLLATE utf8_bin NOT NULL,
  `TYPE_` varchar(255) CHARACTER SET utf8 COLLATE utf8_bin NOT NULL,
  `PROC_INST_ID_` varchar(64) CHARACTER SET utf8 COLLATE utf8_bin DEFAULT NULL,
  `EXECUTION_ID_` varchar(64) CHARACTER SET utf8 COLLATE utf8_bin DEFAULT NULL,
  `TASK_ID_` varchar(64) CHARACTER SET utf8 COLLATE utf8_bin DEFAULT NULL,
  `ACT_INST_ID_` varchar(64) CHARACTER SET utf8 COLLATE utf8_bin DEFAULT NULL,
  `NAME_` varchar(255) CHARACTER SET utf8 COLLATE utf8_bin NOT NULL,
  `VAR_TYPE_` varchar(255) CHARACTER SET utf8 COLLATE utf8_bin DEFAULT NULL,
  `REV_` int DEFAULT NULL,
  `TIME_` datetime(3) NOT NULL,
  `BYTEARRAY_ID_` varchar(64) CHARACTER SET utf8 COLLATE utf8_bin DEFAULT NULL,
  `DOUBLE_` double DEFAULT NULL,
  `LONG_` bigint DEFAULT NULL,
  `TEXT_` varchar(4000) CHARACTER SET utf8 COLLATE utf8_bin DEFAULT NULL,
  `TEXT2_` varchar(4000) CHARACTER SET utf8 COLLATE utf8_bin DEFAULT NULL,
  PRIMARY KEY (`ID_`),
  KEY `ACT_IDX_HI_DETAIL_PROC_INST` (`PROC_INST_ID_`),
  KEY `ACT_IDX_HI_DETAIL_ACT_INST` (`ACT_INST_ID_`),
  KEY `ACT_IDX_HI_DETAIL_TIME` (`TIME_`),
  KEY `ACT_IDX_HI_DETAIL_NAME` (`NAME_`),
  KEY `ACT_IDX_HI_DETAIL_TASK_ID` (`TASK_ID_`)
) ENGINE=InnoDB DEFAULT CHARSET=utf8mb3 COLLATE=utf8_bin;

-- ----------------------------
-- Records of ACT_HI_DETAIL
-- ----------------------------
BEGIN;
COMMIT;

-- ----------------------------
-- Table structure for ACT_HI_IDENTITYLINK
-- ----------------------------
DROP TABLE IF EXISTS `ACT_HI_IDENTITYLINK`;
CREATE TABLE `ACT_HI_IDENTITYLINK` (
  `ID_` varchar(64) CHARACTER SET utf8 COLLATE utf8_bin NOT NULL,
  `GROUP_ID_` varchar(255) CHARACTER SET utf8 COLLATE utf8_bin DEFAULT NULL,
  `TYPE_` varchar(255) CHARACTER SET utf8 COLLATE utf8_bin DEFAULT NULL,
  `USER_ID_` varchar(255) CHARACTER SET utf8 COLLATE utf8_bin DEFAULT NULL,
  `TASK_ID_` varchar(64) CHARACTER SET utf8 COLLATE utf8_bin DEFAULT NULL,
  `PROC_INST_ID_` varchar(64) CHARACTER SET utf8 COLLATE utf8_bin DEFAULT NULL,
  PRIMARY KEY (`ID_`),
  KEY `ACT_IDX_HI_IDENT_LNK_USER` (`USER_ID_`),
  KEY `ACT_IDX_HI_IDENT_LNK_TASK` (`TASK_ID_`),
  KEY `ACT_IDX_HI_IDENT_LNK_PROCINST` (`PROC_INST_ID_`)
) ENGINE=InnoDB DEFAULT CHARSET=utf8mb3 COLLATE=utf8_bin;

-- ----------------------------
-- Records of ACT_HI_IDENTITYLINK
-- ----------------------------
BEGIN;
COMMIT;

-- ----------------------------
-- Table structure for ACT_HI_PROCINST
-- ----------------------------
DROP TABLE IF EXISTS `ACT_HI_PROCINST`;
CREATE TABLE `ACT_HI_PROCINST` (
  `ID_` varchar(64) CHARACTER SET utf8 COLLATE utf8_bin NOT NULL,
  `PROC_INST_ID_` varchar(64) CHARACTER SET utf8 COLLATE utf8_bin NOT NULL,
  `BUSINESS_KEY_` varchar(255) CHARACTER SET utf8 COLLATE utf8_bin DEFAULT NULL,
  `PROC_DEF_ID_` varchar(64) CHARACTER SET utf8 COLLATE utf8_bin NOT NULL,
  `START_TIME_` datetime(3) NOT NULL,
  `END_TIME_` datetime(3) DEFAULT NULL,
  `DURATION_` bigint DEFAULT NULL,
  `START_USER_ID_` varchar(255) CHARACTER SET utf8 COLLATE utf8_bin DEFAULT NULL,
  `START_ACT_ID_` varchar(255) CHARACTER SET utf8 COLLATE utf8_bin DEFAULT NULL,
  `END_ACT_ID_` varchar(255) CHARACTER SET utf8 COLLATE utf8_bin DEFAULT NULL,
  `SUPER_PROCESS_INSTANCE_ID_` varchar(64) CHARACTER SET utf8 COLLATE utf8_bin DEFAULT NULL,
  `DELETE_REASON_` varchar(4000) CHARACTER SET utf8 COLLATE utf8_bin DEFAULT NULL,
  `TENANT_ID_` varchar(255) CHARACTER SET utf8 COLLATE utf8_bin DEFAULT '',
  `NAME_` varchar(255) CHARACTER SET utf8 COLLATE utf8_bin DEFAULT NULL,
  PRIMARY KEY (`ID_`),
  UNIQUE KEY `PROC_INST_ID_` (`PROC_INST_ID_`),
  KEY `ACT_IDX_HI_PRO_INST_END` (`END_TIME_`),
  KEY `ACT_IDX_HI_PRO_I_BUSKEY` (`BUSINESS_KEY_`)
) ENGINE=InnoDB DEFAULT CHARSET=utf8mb3 COLLATE=utf8_bin;

-- ----------------------------
-- Records of ACT_HI_PROCINST
-- ----------------------------
BEGIN;
COMMIT;

-- ----------------------------
-- Table structure for ACT_HI_TASKINST
-- ----------------------------
DROP TABLE IF EXISTS `ACT_HI_TASKINST`;
CREATE TABLE `ACT_HI_TASKINST` (
  `ID_` varchar(64) CHARACTER SET utf8 COLLATE utf8_bin NOT NULL,
  `PROC_DEF_ID_` varchar(64) CHARACTER SET utf8 COLLATE utf8_bin DEFAULT NULL,
  `TASK_DEF_KEY_` varchar(255) CHARACTER SET utf8 COLLATE utf8_bin DEFAULT NULL,
  `PROC_INST_ID_` varchar(64) CHARACTER SET utf8 COLLATE utf8_bin DEFAULT NULL,
  `EXECUTION_ID_` varchar(64) CHARACTER SET utf8 COLLATE utf8_bin DEFAULT NULL,
  `NAME_` varchar(255) CHARACTER SET utf8 COLLATE utf8_bin DEFAULT NULL,
  `PARENT_TASK_ID_` varchar(64) CHARACTER SET utf8 COLLATE utf8_bin DEFAULT NULL,
  `DESCRIPTION_` varchar(4000) CHARACTER SET utf8 COLLATE utf8_bin DEFAULT NULL,
  `OWNER_` varchar(255) CHARACTER SET utf8 COLLATE utf8_bin DEFAULT NULL,
  `ASSIGNEE_` varchar(255) CHARACTER SET utf8 COLLATE utf8_bin DEFAULT NULL,
  `START_TIME_` datetime(3) NOT NULL,
  `CLAIM_TIME_` datetime(3) DEFAULT NULL,
  `END_TIME_` datetime(3) DEFAULT NULL,
  `DURATION_` bigint DEFAULT NULL,
  `DELETE_REASON_` varchar(4000) CHARACTER SET utf8 COLLATE utf8_bin DEFAULT NULL,
  `PRIORITY_` int DEFAULT NULL,
  `DUE_DATE_` datetime(3) DEFAULT NULL,
  `FORM_KEY_` varchar(255) CHARACTER SET utf8 COLLATE utf8_bin DEFAULT NULL,
  `CATEGORY_` varchar(255) CHARACTER SET utf8 COLLATE utf8_bin DEFAULT NULL,
  `TENANT_ID_` varchar(255) CHARACTER SET utf8 COLLATE utf8_bin DEFAULT '',
  PRIMARY KEY (`ID_`),
  KEY `ACT_IDX_HI_TASK_INST_PROCINST` (`PROC_INST_ID_`)
) ENGINE=InnoDB DEFAULT CHARSET=utf8mb3 COLLATE=utf8_bin;

-- ----------------------------
-- Records of ACT_HI_TASKINST
-- ----------------------------
BEGIN;
COMMIT;

-- ----------------------------
-- Table structure for ACT_HI_VARINST
-- ----------------------------
DROP TABLE IF EXISTS `ACT_HI_VARINST`;
CREATE TABLE `ACT_HI_VARINST` (
  `ID_` varchar(64) CHARACTER SET utf8 COLLATE utf8_bin NOT NULL,
  `PROC_INST_ID_` varchar(64) CHARACTER SET utf8 COLLATE utf8_bin DEFAULT NULL,
  `EXECUTION_ID_` varchar(64) CHARACTER SET utf8 COLLATE utf8_bin DEFAULT NULL,
  `TASK_ID_` varchar(64) CHARACTER SET utf8 COLLATE utf8_bin DEFAULT NULL,
  `NAME_` varchar(255) CHARACTER SET utf8 COLLATE utf8_bin NOT NULL,
  `VAR_TYPE_` varchar(100) CHARACTER SET utf8 COLLATE utf8_bin DEFAULT NULL,
  `REV_` int DEFAULT NULL,
  `BYTEARRAY_ID_` varchar(64) CHARACTER SET utf8 COLLATE utf8_bin DEFAULT NULL,
  `DOUBLE_` double DEFAULT NULL,
  `LONG_` bigint DEFAULT NULL,
  `TEXT_` varchar(4000) CHARACTER SET utf8 COLLATE utf8_bin DEFAULT NULL,
  `TEXT2_` varchar(4000) CHARACTER SET utf8 COLLATE utf8_bin DEFAULT NULL,
  `CREATE_TIME_` datetime(3) DEFAULT NULL,
  `LAST_UPDATED_TIME_` datetime(3) DEFAULT NULL,
  PRIMARY KEY (`ID_`),
  KEY `ACT_IDX_HI_PROCVAR_PROC_INST` (`PROC_INST_ID_`),
  KEY `ACT_IDX_HI_PROCVAR_NAME_TYPE` (`NAME_`,`VAR_TYPE_`),
  KEY `ACT_IDX_HI_PROCVAR_TASK_ID` (`TASK_ID_`)
) ENGINE=InnoDB DEFAULT CHARSET=utf8mb3 COLLATE=utf8_bin;

-- ----------------------------
-- Records of ACT_HI_VARINST
-- ----------------------------
BEGIN;
COMMIT;

-- ----------------------------
-- Table structure for ACT_ID_GROUP
-- ----------------------------
DROP TABLE IF EXISTS `ACT_ID_GROUP`;
CREATE TABLE `ACT_ID_GROUP` (
  `ID_` varchar(64) CHARACTER SET utf8 COLLATE utf8_bin NOT NULL,
  `REV_` int DEFAULT NULL,
  `NAME_` varchar(255) CHARACTER SET utf8 COLLATE utf8_bin DEFAULT NULL,
  `TYPE_` varchar(255) CHARACTER SET utf8 COLLATE utf8_bin DEFAULT NULL,
  PRIMARY KEY (`ID_`)
) ENGINE=InnoDB DEFAULT CHARSET=utf8mb3 COLLATE=utf8_bin;

-- ----------------------------
-- Records of ACT_ID_GROUP
-- ----------------------------
BEGIN;
COMMIT;

-- ----------------------------
-- Table structure for ACT_ID_INFO
-- ----------------------------
DROP TABLE IF EXISTS `ACT_ID_INFO`;
CREATE TABLE `ACT_ID_INFO` (
  `ID_` varchar(64) CHARACTER SET utf8 COLLATE utf8_bin NOT NULL,
  `REV_` int DEFAULT NULL,
  `USER_ID_` varchar(64) CHARACTER SET utf8 COLLATE utf8_bin DEFAULT NULL,
  `TYPE_` varchar(64) CHARACTER SET utf8 COLLATE utf8_bin DEFAULT NULL,
  `KEY_` varchar(255) CHARACTER SET utf8 COLLATE utf8_bin DEFAULT NULL,
  `VALUE_` varchar(255) CHARACTER SET utf8 COLLATE utf8_bin DEFAULT NULL,
  `PASSWORD_` longblob,
  `PARENT_ID_` varchar(255) CHARACTER SET utf8 COLLATE utf8_bin DEFAULT NULL,
  PRIMARY KEY (`ID_`)
) ENGINE=InnoDB DEFAULT CHARSET=utf8mb3 COLLATE=utf8_bin;

-- ----------------------------
-- Records of ACT_ID_INFO
-- ----------------------------
BEGIN;
COMMIT;

-- ----------------------------
-- Table structure for ACT_ID_MEMBERSHIP
-- ----------------------------
DROP TABLE IF EXISTS `ACT_ID_MEMBERSHIP`;
CREATE TABLE `ACT_ID_MEMBERSHIP` (
  `USER_ID_` varchar(64) CHARACTER SET utf8 COLLATE utf8_bin NOT NULL,
  `GROUP_ID_` varchar(64) CHARACTER SET utf8 COLLATE utf8_bin NOT NULL,
  PRIMARY KEY (`USER_ID_`,`GROUP_ID_`),
  KEY `ACT_FK_MEMB_GROUP` (`GROUP_ID_`),
  CONSTRAINT `ACT_FK_MEMB_GROUP` FOREIGN KEY (`GROUP_ID_`) REFERENCES `ACT_ID_GROUP` (`ID_`),
  CONSTRAINT `ACT_FK_MEMB_USER` FOREIGN KEY (`USER_ID_`) REFERENCES `ACT_ID_USER` (`ID_`)
) ENGINE=InnoDB DEFAULT CHARSET=utf8mb3 COLLATE=utf8_bin;

-- ----------------------------
-- Records of ACT_ID_MEMBERSHIP
-- ----------------------------
BEGIN;
COMMIT;

-- ----------------------------
-- Table structure for ACT_ID_USER
-- ----------------------------
DROP TABLE IF EXISTS `ACT_ID_USER`;
CREATE TABLE `ACT_ID_USER` (
  `ID_` varchar(64) CHARACTER SET utf8 COLLATE utf8_bin NOT NULL,
  `REV_` int DEFAULT NULL,
  `FIRST_` varchar(255) CHARACTER SET utf8 COLLATE utf8_bin DEFAULT NULL,
  `LAST_` varchar(255) CHARACTER SET utf8 COLLATE utf8_bin DEFAULT NULL,
  `EMAIL_` varchar(255) CHARACTER SET utf8 COLLATE utf8_bin DEFAULT NULL,
  `PWD_` varchar(255) CHARACTER SET utf8 COLLATE utf8_bin DEFAULT NULL,
  `PICTURE_ID_` varchar(64) CHARACTER SET utf8 COLLATE utf8_bin DEFAULT NULL,
  PRIMARY KEY (`ID_`)
) ENGINE=InnoDB DEFAULT CHARSET=utf8mb3 COLLATE=utf8_bin;

-- ----------------------------
-- Records of ACT_ID_USER
-- ----------------------------
BEGIN;
COMMIT;

-- ----------------------------
-- Table structure for ACT_PROCDEF_INFO
-- ----------------------------
DROP TABLE IF EXISTS `ACT_PROCDEF_INFO`;
CREATE TABLE `ACT_PROCDEF_INFO` (
  `ID_` varchar(64) CHARACTER SET utf8 COLLATE utf8_bin NOT NULL,
  `PROC_DEF_ID_` varchar(64) CHARACTER SET utf8 COLLATE utf8_bin NOT NULL,
  `REV_` int DEFAULT NULL,
  `INFO_JSON_ID_` varchar(64) CHARACTER SET utf8 COLLATE utf8_bin DEFAULT NULL,
  PRIMARY KEY (`ID_`),
  UNIQUE KEY `ACT_UNIQ_INFO_PROCDEF` (`PROC_DEF_ID_`),
  KEY `ACT_IDX_INFO_PROCDEF` (`PROC_DEF_ID_`),
  KEY `ACT_FK_INFO_JSON_BA` (`INFO_JSON_ID_`),
  CONSTRAINT `ACT_FK_INFO_JSON_BA` FOREIGN KEY (`INFO_JSON_ID_`) REFERENCES `ACT_GE_BYTEARRAY` (`ID_`),
  CONSTRAINT `ACT_FK_INFO_PROCDEF` FOREIGN KEY (`PROC_DEF_ID_`) REFERENCES `ACT_RE_PROCDEF` (`ID_`)
) ENGINE=InnoDB DEFAULT CHARSET=utf8mb3 COLLATE=utf8_bin;

-- ----------------------------
-- Records of ACT_PROCDEF_INFO
-- ----------------------------
BEGIN;
COMMIT;

-- ----------------------------
-- Table structure for ACT_RE_DEPLOYMENT
-- ----------------------------
DROP TABLE IF EXISTS `ACT_RE_DEPLOYMENT`;
CREATE TABLE `ACT_RE_DEPLOYMENT` (
  `ID_` varchar(64) CHARACTER SET utf8 COLLATE utf8_bin NOT NULL,
  `NAME_` varchar(255) CHARACTER SET utf8 COLLATE utf8_bin DEFAULT NULL,
  `CATEGORY_` varchar(255) CHARACTER SET utf8 COLLATE utf8_bin DEFAULT NULL,
  `KEY_` varchar(255) CHARACTER SET utf8 COLLATE utf8_bin DEFAULT NULL,
  `TENANT_ID_` varchar(255) CHARACTER SET utf8 COLLATE utf8_bin DEFAULT '',
  `DEPLOY_TIME_` timestamp(3) NULL DEFAULT NULL,
  `ENGINE_VERSION_` varchar(255) CHARACTER SET utf8 COLLATE utf8_bin DEFAULT NULL,
  PRIMARY KEY (`ID_`)
) ENGINE=InnoDB DEFAULT CHARSET=utf8mb3 COLLATE=utf8_bin;

-- ----------------------------
-- Records of ACT_RE_DEPLOYMENT
-- ----------------------------
BEGIN;
COMMIT;

-- ----------------------------
-- Table structure for ACT_RE_MODEL
-- ----------------------------
DROP TABLE IF EXISTS `ACT_RE_MODEL`;
CREATE TABLE `ACT_RE_MODEL` (
  `ID_` varchar(64) CHARACTER SET utf8 COLLATE utf8_bin NOT NULL,
  `REV_` int DEFAULT NULL,
  `NAME_` varchar(255) CHARACTER SET utf8 COLLATE utf8_bin DEFAULT NULL,
  `KEY_` varchar(255) CHARACTER SET utf8 COLLATE utf8_bin DEFAULT NULL,
  `CATEGORY_` varchar(255) CHARACTER SET utf8 COLLATE utf8_bin DEFAULT NULL,
  `CREATE_TIME_` timestamp(3) NULL DEFAULT NULL,
  `LAST_UPDATE_TIME_` timestamp(3) NULL DEFAULT NULL,
  `VERSION_` int DEFAULT NULL,
  `META_INFO_` varchar(4000) CHARACTER SET utf8 COLLATE utf8_bin DEFAULT NULL,
  `DEPLOYMENT_ID_` varchar(64) CHARACTER SET utf8 COLLATE utf8_bin DEFAULT NULL,
  `EDITOR_SOURCE_VALUE_ID_` varchar(64) CHARACTER SET utf8 COLLATE utf8_bin DEFAULT NULL,
  `EDITOR_SOURCE_EXTRA_VALUE_ID_` varchar(64) CHARACTER SET utf8 COLLATE utf8_bin DEFAULT NULL,
  `TENANT_ID_` varchar(255) CHARACTER SET utf8 COLLATE utf8_bin DEFAULT '',
  PRIMARY KEY (`ID_`),
  KEY `ACT_FK_MODEL_SOURCE` (`EDITOR_SOURCE_VALUE_ID_`),
  KEY `ACT_FK_MODEL_SOURCE_EXTRA` (`EDITOR_SOURCE_EXTRA_VALUE_ID_`),
  KEY `ACT_FK_MODEL_DEPLOYMENT` (`DEPLOYMENT_ID_`),
  CONSTRAINT `ACT_FK_MODEL_DEPLOYMENT` FOREIGN KEY (`DEPLOYMENT_ID_`) REFERENCES `ACT_RE_DEPLOYMENT` (`ID_`),
  CONSTRAINT `ACT_FK_MODEL_SOURCE` FOREIGN KEY (`EDITOR_SOURCE_VALUE_ID_`) REFERENCES `ACT_GE_BYTEARRAY` (`ID_`),
  CONSTRAINT `ACT_FK_MODEL_SOURCE_EXTRA` FOREIGN KEY (`EDITOR_SOURCE_EXTRA_VALUE_ID_`) REFERENCES `ACT_GE_BYTEARRAY` (`ID_`)
) ENGINE=InnoDB DEFAULT CHARSET=utf8mb3 COLLATE=utf8_bin;

-- ----------------------------
-- Records of ACT_RE_MODEL
-- ----------------------------
BEGIN;
COMMIT;

-- ----------------------------
-- Table structure for ACT_RE_PROCDEF
-- ----------------------------
DROP TABLE IF EXISTS `ACT_RE_PROCDEF`;
CREATE TABLE `ACT_RE_PROCDEF` (
  `ID_` varchar(64) CHARACTER SET utf8 COLLATE utf8_bin NOT NULL,
  `REV_` int DEFAULT NULL,
  `CATEGORY_` varchar(255) CHARACTER SET utf8 COLLATE utf8_bin DEFAULT NULL,
  `NAME_` varchar(255) CHARACTER SET utf8 COLLATE utf8_bin DEFAULT NULL,
  `KEY_` varchar(255) CHARACTER SET utf8 COLLATE utf8_bin NOT NULL,
  `VERSION_` int NOT NULL,
  `DEPLOYMENT_ID_` varchar(64) CHARACTER SET utf8 COLLATE utf8_bin DEFAULT NULL,
  `RESOURCE_NAME_` varchar(4000) CHARACTER SET utf8 COLLATE utf8_bin DEFAULT NULL,
  `DGRM_RESOURCE_NAME_` varchar(4000) CHARACTER SET utf8 COLLATE utf8_bin DEFAULT NULL,
  `DESCRIPTION_` varchar(4000) CHARACTER SET utf8 COLLATE utf8_bin DEFAULT NULL,
  `HAS_START_FORM_KEY_` tinyint DEFAULT NULL,
  `HAS_GRAPHICAL_NOTATION_` tinyint DEFAULT NULL,
  `SUSPENSION_STATE_` int DEFAULT NULL,
  `TENANT_ID_` varchar(255) CHARACTER SET utf8 COLLATE utf8_bin DEFAULT '',
  `ENGINE_VERSION_` varchar(255) CHARACTER SET utf8 COLLATE utf8_bin DEFAULT NULL,
  PRIMARY KEY (`ID_`),
  UNIQUE KEY `ACT_UNIQ_PROCDEF` (`KEY_`,`VERSION_`,`TENANT_ID_`)
) ENGINE=InnoDB DEFAULT CHARSET=utf8mb3 COLLATE=utf8_bin;

-- ----------------------------
-- Records of ACT_RE_PROCDEF
-- ----------------------------
BEGIN;
COMMIT;

-- ----------------------------
-- Table structure for ACT_RU_DEADLETTER_JOB
-- ----------------------------
DROP TABLE IF EXISTS `ACT_RU_DEADLETTER_JOB`;
CREATE TABLE `ACT_RU_DEADLETTER_JOB` (
  `ID_` varchar(64) CHARACTER SET utf8 COLLATE utf8_bin NOT NULL,
  `REV_` int DEFAULT NULL,
  `TYPE_` varchar(255) CHARACTER SET utf8 COLLATE utf8_bin NOT NULL,
  `EXCLUSIVE_` tinyint(1) DEFAULT NULL,
  `EXECUTION_ID_` varchar(64) CHARACTER SET utf8 COLLATE utf8_bin DEFAULT NULL,
  `PROCESS_INSTANCE_ID_` varchar(64) CHARACTER SET utf8 COLLATE utf8_bin DEFAULT NULL,
  `PROC_DEF_ID_` varchar(64) CHARACTER SET utf8 COLLATE utf8_bin DEFAULT NULL,
  `EXCEPTION_STACK_ID_` varchar(64) CHARACTER SET utf8 COLLATE utf8_bin DEFAULT NULL,
  `EXCEPTION_MSG_` varchar(4000) CHARACTER SET utf8 COLLATE utf8_bin DEFAULT NULL,
  `DUEDATE_` timestamp(3) NULL DEFAULT NULL,
  `REPEAT_` varchar(255) CHARACTER SET utf8 COLLATE utf8_bin DEFAULT NULL,
  `HANDLER_TYPE_` varchar(255) CHARACTER SET utf8 COLLATE utf8_bin DEFAULT NULL,
  `HANDLER_CFG_` varchar(4000) CHARACTER SET utf8 COLLATE utf8_bin DEFAULT NULL,
  `TENANT_ID_` varchar(255) CHARACTER SET utf8 COLLATE utf8_bin DEFAULT '',
  PRIMARY KEY (`ID_`),
  KEY `ACT_FK_DEADLETTER_JOB_EXECUTION` (`EXECUTION_ID_`),
  KEY `ACT_FK_DEADLETTER_JOB_PROCESS_INSTANCE` (`PROCESS_INSTANCE_ID_`),
  KEY `ACT_FK_DEADLETTER_JOB_PROC_DEF` (`PROC_DEF_ID_`),
  KEY `ACT_FK_DEADLETTER_JOB_EXCEPTION` (`EXCEPTION_STACK_ID_`),
  CONSTRAINT `ACT_FK_DEADLETTER_JOB_EXCEPTION` FOREIGN KEY (`EXCEPTION_STACK_ID_`) REFERENCES `ACT_GE_BYTEARRAY` (`ID_`),
  CONSTRAINT `ACT_FK_DEADLETTER_JOB_EXECUTION` FOREIGN KEY (`EXECUTION_ID_`) REFERENCES `ACT_RU_EXECUTION` (`ID_`),
  CONSTRAINT `ACT_FK_DEADLETTER_JOB_PROC_DEF` FOREIGN KEY (`PROC_DEF_ID_`) REFERENCES `ACT_RE_PROCDEF` (`ID_`),
  CONSTRAINT `ACT_FK_DEADLETTER_JOB_PROCESS_INSTANCE` FOREIGN KEY (`PROCESS_INSTANCE_ID_`) REFERENCES `ACT_RU_EXECUTION` (`ID_`)
) ENGINE=InnoDB DEFAULT CHARSET=utf8mb3 COLLATE=utf8_bin;

-- ----------------------------
-- Records of ACT_RU_DEADLETTER_JOB
-- ----------------------------
BEGIN;
COMMIT;

-- ----------------------------
-- Table structure for ACT_RU_EVENT_SUBSCR
-- ----------------------------
DROP TABLE IF EXISTS `ACT_RU_EVENT_SUBSCR`;
CREATE TABLE `ACT_RU_EVENT_SUBSCR` (
  `ID_` varchar(64) CHARACTER SET utf8 COLLATE utf8_bin NOT NULL,
  `REV_` int DEFAULT NULL,
  `EVENT_TYPE_` varchar(255) CHARACTER SET utf8 COLLATE utf8_bin NOT NULL,
  `EVENT_NAME_` varchar(255) CHARACTER SET utf8 COLLATE utf8_bin DEFAULT NULL,
  `EXECUTION_ID_` varchar(64) CHARACTER SET utf8 COLLATE utf8_bin DEFAULT NULL,
  `PROC_INST_ID_` varchar(64) CHARACTER SET utf8 COLLATE utf8_bin DEFAULT NULL,
  `ACTIVITY_ID_` varchar(64) CHARACTER SET utf8 COLLATE utf8_bin DEFAULT NULL,
  `CONFIGURATION_` varchar(255) CHARACTER SET utf8 COLLATE utf8_bin DEFAULT NULL,
  `CREATED_` timestamp(3) NOT NULL DEFAULT CURRENT_TIMESTAMP(3),
  `PROC_DEF_ID_` varchar(64) CHARACTER SET utf8 COLLATE utf8_bin DEFAULT NULL,
  `TENANT_ID_` varchar(255) CHARACTER SET utf8 COLLATE utf8_bin DEFAULT '',
  PRIMARY KEY (`ID_`),
  KEY `ACT_IDX_EVENT_SUBSCR_CONFIG_` (`CONFIGURATION_`),
  KEY `ACT_FK_EVENT_EXEC` (`EXECUTION_ID_`),
  CONSTRAINT `ACT_FK_EVENT_EXEC` FOREIGN KEY (`EXECUTION_ID_`) REFERENCES `ACT_RU_EXECUTION` (`ID_`)
) ENGINE=InnoDB DEFAULT CHARSET=utf8mb3 COLLATE=utf8_bin;

-- ----------------------------
-- Records of ACT_RU_EVENT_SUBSCR
-- ----------------------------
BEGIN;
COMMIT;

-- ----------------------------
-- Table structure for ACT_RU_EXECUTION
-- ----------------------------
DROP TABLE IF EXISTS `ACT_RU_EXECUTION`;
CREATE TABLE `ACT_RU_EXECUTION` (
  `ID_` varchar(64) CHARACTER SET utf8 COLLATE utf8_bin NOT NULL,
  `REV_` int DEFAULT NULL,
  `PROC_INST_ID_` varchar(64) CHARACTER SET utf8 COLLATE utf8_bin DEFAULT NULL,
  `BUSINESS_KEY_` varchar(255) CHARACTER SET utf8 COLLATE utf8_bin DEFAULT NULL,
  `PARENT_ID_` varchar(64) CHARACTER SET utf8 COLLATE utf8_bin DEFAULT NULL,
  `PROC_DEF_ID_` varchar(64) CHARACTER SET utf8 COLLATE utf8_bin DEFAULT NULL,
  `SUPER_EXEC_` varchar(64) CHARACTER SET utf8 COLLATE utf8_bin DEFAULT NULL,
  `ROOT_PROC_INST_ID_` varchar(64) CHARACTER SET utf8 COLLATE utf8_bin DEFAULT NULL,
  `ACT_ID_` varchar(255) CHARACTER SET utf8 COLLATE utf8_bin DEFAULT NULL,
  `IS_ACTIVE_` tinyint DEFAULT NULL,
  `IS_CONCURRENT_` tinyint DEFAULT NULL,
  `IS_SCOPE_` tinyint DEFAULT NULL,
  `IS_EVENT_SCOPE_` tinyint DEFAULT NULL,
  `IS_MI_ROOT_` tinyint DEFAULT NULL,
  `SUSPENSION_STATE_` int DEFAULT NULL,
  `CACHED_ENT_STATE_` int DEFAULT NULL,
  `TENANT_ID_` varchar(255) CHARACTER SET utf8 COLLATE utf8_bin DEFAULT '',
  `NAME_` varchar(255) CHARACTER SET utf8 COLLATE utf8_bin DEFAULT NULL,
  `START_TIME_` datetime(3) DEFAULT NULL,
  `START_USER_ID_` varchar(255) CHARACTER SET utf8 COLLATE utf8_bin DEFAULT NULL,
  `LOCK_TIME_` timestamp(3) NULL DEFAULT NULL,
  `IS_COUNT_ENABLED_` tinyint DEFAULT NULL,
  `EVT_SUBSCR_COUNT_` int DEFAULT NULL,
  `TASK_COUNT_` int DEFAULT NULL,
  `JOB_COUNT_` int DEFAULT NULL,
  `TIMER_JOB_COUNT_` int DEFAULT NULL,
  `SUSP_JOB_COUNT_` int DEFAULT NULL,
  `DEADLETTER_JOB_COUNT_` int DEFAULT NULL,
  `VAR_COUNT_` int DEFAULT NULL,
  `ID_LINK_COUNT_` int DEFAULT NULL,
  PRIMARY KEY (`ID_`),
  KEY `ACT_IDX_EXEC_BUSKEY` (`BUSINESS_KEY_`),
  KEY `ACT_IDC_EXEC_ROOT` (`ROOT_PROC_INST_ID_`),
  KEY `ACT_FK_EXE_PROCINST` (`PROC_INST_ID_`),
  KEY `ACT_FK_EXE_PARENT` (`PARENT_ID_`),
  KEY `ACT_FK_EXE_SUPER` (`SUPER_EXEC_`),
  KEY `ACT_FK_EXE_PROCDEF` (`PROC_DEF_ID_`),
  CONSTRAINT `ACT_FK_EXE_PARENT` FOREIGN KEY (`PARENT_ID_`) REFERENCES `ACT_RU_EXECUTION` (`ID_`) ON DELETE CASCADE,
  CONSTRAINT `ACT_FK_EXE_PROCDEF` FOREIGN KEY (`PROC_DEF_ID_`) REFERENCES `ACT_RE_PROCDEF` (`ID_`),
  CONSTRAINT `ACT_FK_EXE_PROCINST` FOREIGN KEY (`PROC_INST_ID_`) REFERENCES `ACT_RU_EXECUTION` (`ID_`) ON DELETE CASCADE ON UPDATE CASCADE,
  CONSTRAINT `ACT_FK_EXE_SUPER` FOREIGN KEY (`SUPER_EXEC_`) REFERENCES `ACT_RU_EXECUTION` (`ID_`) ON DELETE CASCADE
) ENGINE=InnoDB DEFAULT CHARSET=utf8mb3 COLLATE=utf8_bin;

-- ----------------------------
-- Records of ACT_RU_EXECUTION
-- ----------------------------
BEGIN;
COMMIT;

-- ----------------------------
-- Table structure for ACT_RU_IDENTITYLINK
-- ----------------------------
DROP TABLE IF EXISTS `ACT_RU_IDENTITYLINK`;
CREATE TABLE `ACT_RU_IDENTITYLINK` (
  `ID_` varchar(64) CHARACTER SET utf8 COLLATE utf8_bin NOT NULL,
  `REV_` int DEFAULT NULL,
  `GROUP_ID_` varchar(255) CHARACTER SET utf8 COLLATE utf8_bin DEFAULT NULL,
  `TYPE_` varchar(255) CHARACTER SET utf8 COLLATE utf8_bin DEFAULT NULL,
  `USER_ID_` varchar(255) CHARACTER SET utf8 COLLATE utf8_bin DEFAULT NULL,
  `TASK_ID_` varchar(64) CHARACTER SET utf8 COLLATE utf8_bin DEFAULT NULL,
  `PROC_INST_ID_` varchar(64) CHARACTER SET utf8 COLLATE utf8_bin DEFAULT NULL,
  `PROC_DEF_ID_` varchar(64) CHARACTER SET utf8 COLLATE utf8_bin DEFAULT NULL,
  PRIMARY KEY (`ID_`),
  KEY `ACT_IDX_IDENT_LNK_USER` (`USER_ID_`),
  KEY `ACT_IDX_IDENT_LNK_GROUP` (`GROUP_ID_`),
  KEY `ACT_IDX_ATHRZ_PROCEDEF` (`PROC_DEF_ID_`),
  KEY `ACT_FK_TSKASS_TASK` (`TASK_ID_`),
  KEY `ACT_FK_IDL_PROCINST` (`PROC_INST_ID_`),
  CONSTRAINT `ACT_FK_ATHRZ_PROCEDEF` FOREIGN KEY (`PROC_DEF_ID_`) REFERENCES `ACT_RE_PROCDEF` (`ID_`),
  CONSTRAINT `ACT_FK_IDL_PROCINST` FOREIGN KEY (`PROC_INST_ID_`) REFERENCES `ACT_RU_EXECUTION` (`ID_`),
  CONSTRAINT `ACT_FK_TSKASS_TASK` FOREIGN KEY (`TASK_ID_`) REFERENCES `ACT_RU_TASK` (`ID_`)
) ENGINE=InnoDB DEFAULT CHARSET=utf8mb3 COLLATE=utf8_bin;

-- ----------------------------
-- Records of ACT_RU_IDENTITYLINK
-- ----------------------------
BEGIN;
COMMIT;

-- ----------------------------
-- Table structure for ACT_RU_JOB
-- ----------------------------
DROP TABLE IF EXISTS `ACT_RU_JOB`;
CREATE TABLE `ACT_RU_JOB` (
  `ID_` varchar(64) CHARACTER SET utf8 COLLATE utf8_bin NOT NULL,
  `REV_` int DEFAULT NULL,
  `TYPE_` varchar(255) CHARACTER SET utf8 COLLATE utf8_bin NOT NULL,
  `LOCK_EXP_TIME_` timestamp(3) NULL DEFAULT NULL,
  `LOCK_OWNER_` varchar(255) CHARACTER SET utf8 COLLATE utf8_bin DEFAULT NULL,
  `EXCLUSIVE_` tinyint(1) DEFAULT NULL,
  `EXECUTION_ID_` varchar(64) CHARACTER SET utf8 COLLATE utf8_bin DEFAULT NULL,
  `PROCESS_INSTANCE_ID_` varchar(64) CHARACTER SET utf8 COLLATE utf8_bin DEFAULT NULL,
  `PROC_DEF_ID_` varchar(64) CHARACTER SET utf8 COLLATE utf8_bin DEFAULT NULL,
  `RETRIES_` int DEFAULT NULL,
  `EXCEPTION_STACK_ID_` varchar(64) CHARACTER SET utf8 COLLATE utf8_bin DEFAULT NULL,
  `EXCEPTION_MSG_` varchar(4000) CHARACTER SET utf8 COLLATE utf8_bin DEFAULT NULL,
  `DUEDATE_` timestamp(3) NULL DEFAULT NULL,
  `REPEAT_` varchar(255) CHARACTER SET utf8 COLLATE utf8_bin DEFAULT NULL,
  `HANDLER_TYPE_` varchar(255) CHARACTER SET utf8 COLLATE utf8_bin DEFAULT NULL,
  `HANDLER_CFG_` varchar(4000) CHARACTER SET utf8 COLLATE utf8_bin DEFAULT NULL,
  `TENANT_ID_` varchar(255) CHARACTER SET utf8 COLLATE utf8_bin DEFAULT '',
  PRIMARY KEY (`ID_`),
  KEY `ACT_FK_JOB_EXECUTION` (`EXECUTION_ID_`),
  KEY `ACT_FK_JOB_PROCESS_INSTANCE` (`PROCESS_INSTANCE_ID_`),
  KEY `ACT_FK_JOB_PROC_DEF` (`PROC_DEF_ID_`),
  KEY `ACT_FK_JOB_EXCEPTION` (`EXCEPTION_STACK_ID_`),
  CONSTRAINT `ACT_FK_JOB_EXCEPTION` FOREIGN KEY (`EXCEPTION_STACK_ID_`) REFERENCES `ACT_GE_BYTEARRAY` (`ID_`),
  CONSTRAINT `ACT_FK_JOB_EXECUTION` FOREIGN KEY (`EXECUTION_ID_`) REFERENCES `ACT_RU_EXECUTION` (`ID_`),
  CONSTRAINT `ACT_FK_JOB_PROC_DEF` FOREIGN KEY (`PROC_DEF_ID_`) REFERENCES `ACT_RE_PROCDEF` (`ID_`),
  CONSTRAINT `ACT_FK_JOB_PROCESS_INSTANCE` FOREIGN KEY (`PROCESS_INSTANCE_ID_`) REFERENCES `ACT_RU_EXECUTION` (`ID_`)
) ENGINE=InnoDB DEFAULT CHARSET=utf8mb3 COLLATE=utf8_bin;

-- ----------------------------
-- Records of ACT_RU_JOB
-- ----------------------------
BEGIN;
COMMIT;

-- ----------------------------
-- Table structure for ACT_RU_SUSPENDED_JOB
-- ----------------------------
DROP TABLE IF EXISTS `ACT_RU_SUSPENDED_JOB`;
CREATE TABLE `ACT_RU_SUSPENDED_JOB` (
  `ID_` varchar(64) CHARACTER SET utf8 COLLATE utf8_bin NOT NULL,
  `REV_` int DEFAULT NULL,
  `TYPE_` varchar(255) CHARACTER SET utf8 COLLATE utf8_bin NOT NULL,
  `EXCLUSIVE_` tinyint(1) DEFAULT NULL,
  `EXECUTION_ID_` varchar(64) CHARACTER SET utf8 COLLATE utf8_bin DEFAULT NULL,
  `PROCESS_INSTANCE_ID_` varchar(64) CHARACTER SET utf8 COLLATE utf8_bin DEFAULT NULL,
  `PROC_DEF_ID_` varchar(64) CHARACTER SET utf8 COLLATE utf8_bin DEFAULT NULL,
  `RETRIES_` int DEFAULT NULL,
  `EXCEPTION_STACK_ID_` varchar(64) CHARACTER SET utf8 COLLATE utf8_bin DEFAULT NULL,
  `EXCEPTION_MSG_` varchar(4000) CHARACTER SET utf8 COLLATE utf8_bin DEFAULT NULL,
  `DUEDATE_` timestamp(3) NULL DEFAULT NULL,
  `REPEAT_` varchar(255) CHARACTER SET utf8 COLLATE utf8_bin DEFAULT NULL,
  `HANDLER_TYPE_` varchar(255) CHARACTER SET utf8 COLLATE utf8_bin DEFAULT NULL,
  `HANDLER_CFG_` varchar(4000) CHARACTER SET utf8 COLLATE utf8_bin DEFAULT NULL,
  `TENANT_ID_` varchar(255) CHARACTER SET utf8 COLLATE utf8_bin DEFAULT '',
  PRIMARY KEY (`ID_`),
  KEY `ACT_FK_SUSPENDED_JOB_EXECUTION` (`EXECUTION_ID_`),
  KEY `ACT_FK_SUSPENDED_JOB_PROCESS_INSTANCE` (`PROCESS_INSTANCE_ID_`),
  KEY `ACT_FK_SUSPENDED_JOB_PROC_DEF` (`PROC_DEF_ID_`),
  KEY `ACT_FK_SUSPENDED_JOB_EXCEPTION` (`EXCEPTION_STACK_ID_`),
  CONSTRAINT `ACT_FK_SUSPENDED_JOB_EXCEPTION` FOREIGN KEY (`EXCEPTION_STACK_ID_`) REFERENCES `ACT_GE_BYTEARRAY` (`ID_`),
  CONSTRAINT `ACT_FK_SUSPENDED_JOB_EXECUTION` FOREIGN KEY (`EXECUTION_ID_`) REFERENCES `ACT_RU_EXECUTION` (`ID_`),
  CONSTRAINT `ACT_FK_SUSPENDED_JOB_PROC_DEF` FOREIGN KEY (`PROC_DEF_ID_`) REFERENCES `ACT_RE_PROCDEF` (`ID_`),
  CONSTRAINT `ACT_FK_SUSPENDED_JOB_PROCESS_INSTANCE` FOREIGN KEY (`PROCESS_INSTANCE_ID_`) REFERENCES `ACT_RU_EXECUTION` (`ID_`)
) ENGINE=InnoDB DEFAULT CHARSET=utf8mb3 COLLATE=utf8_bin;

-- ----------------------------
-- Records of ACT_RU_SUSPENDED_JOB
-- ----------------------------
BEGIN;
COMMIT;

-- ----------------------------
-- Table structure for ACT_RU_TASK
-- ----------------------------
DROP TABLE IF EXISTS `ACT_RU_TASK`;
CREATE TABLE `ACT_RU_TASK` (
  `ID_` varchar(64) CHARACTER SET utf8 COLLATE utf8_bin NOT NULL,
  `REV_` int DEFAULT NULL,
  `EXECUTION_ID_` varchar(64) CHARACTER SET utf8 COLLATE utf8_bin DEFAULT NULL,
  `PROC_INST_ID_` varchar(64) CHARACTER SET utf8 COLLATE utf8_bin DEFAULT NULL,
  `PROC_DEF_ID_` varchar(64) CHARACTER SET utf8 COLLATE utf8_bin DEFAULT NULL,
  `NAME_` varchar(255) CHARACTER SET utf8 COLLATE utf8_bin DEFAULT NULL,
  `PARENT_TASK_ID_` varchar(64) CHARACTER SET utf8 COLLATE utf8_bin DEFAULT NULL,
  `DESCRIPTION_` varchar(4000) CHARACTER SET utf8 COLLATE utf8_bin DEFAULT NULL,
  `TASK_DEF_KEY_` varchar(255) CHARACTER SET utf8 COLLATE utf8_bin DEFAULT NULL,
  `OWNER_` varchar(255) CHARACTER SET utf8 COLLATE utf8_bin DEFAULT NULL,
  `ASSIGNEE_` varchar(255) CHARACTER SET utf8 COLLATE utf8_bin DEFAULT NULL,
  `DELEGATION_` varchar(64) CHARACTER SET utf8 COLLATE utf8_bin DEFAULT NULL,
  `PRIORITY_` int DEFAULT NULL,
  `CREATE_TIME_` timestamp(3) NULL DEFAULT NULL,
  `DUE_DATE_` datetime(3) DEFAULT NULL,
  `CATEGORY_` varchar(255) CHARACTER SET utf8 COLLATE utf8_bin DEFAULT NULL,
  `SUSPENSION_STATE_` int DEFAULT NULL,
  `TENANT_ID_` varchar(255) CHARACTER SET utf8 COLLATE utf8_bin DEFAULT '',
  `FORM_KEY_` varchar(255) CHARACTER SET utf8 COLLATE utf8_bin DEFAULT NULL,
  `CLAIM_TIME_` datetime(3) DEFAULT NULL,
  PRIMARY KEY (`ID_`),
  KEY `ACT_IDX_TASK_CREATE` (`CREATE_TIME_`),
  KEY `ACT_FK_TASK_EXE` (`EXECUTION_ID_`),
  KEY `ACT_FK_TASK_PROCINST` (`PROC_INST_ID_`),
  KEY `ACT_FK_TASK_PROCDEF` (`PROC_DEF_ID_`),
  CONSTRAINT `ACT_FK_TASK_EXE` FOREIGN KEY (`EXECUTION_ID_`) REFERENCES `ACT_RU_EXECUTION` (`ID_`),
  CONSTRAINT `ACT_FK_TASK_PROCDEF` FOREIGN KEY (`PROC_DEF_ID_`) REFERENCES `ACT_RE_PROCDEF` (`ID_`),
  CONSTRAINT `ACT_FK_TASK_PROCINST` FOREIGN KEY (`PROC_INST_ID_`) REFERENCES `ACT_RU_EXECUTION` (`ID_`)
) ENGINE=InnoDB DEFAULT CHARSET=utf8mb3 COLLATE=utf8_bin;

-- ----------------------------
-- Records of ACT_RU_TASK
-- ----------------------------
BEGIN;
COMMIT;

-- ----------------------------
-- Table structure for ACT_RU_TIMER_JOB
-- ----------------------------
DROP TABLE IF EXISTS `ACT_RU_TIMER_JOB`;
CREATE TABLE `ACT_RU_TIMER_JOB` (
  `ID_` varchar(64) CHARACTER SET utf8 COLLATE utf8_bin NOT NULL,
  `REV_` int DEFAULT NULL,
  `TYPE_` varchar(255) CHARACTER SET utf8 COLLATE utf8_bin NOT NULL,
  `LOCK_EXP_TIME_` timestamp(3) NULL DEFAULT NULL,
  `LOCK_OWNER_` varchar(255) CHARACTER SET utf8 COLLATE utf8_bin DEFAULT NULL,
  `EXCLUSIVE_` tinyint(1) DEFAULT NULL,
  `EXECUTION_ID_` varchar(64) CHARACTER SET utf8 COLLATE utf8_bin DEFAULT NULL,
  `PROCESS_INSTANCE_ID_` varchar(64) CHARACTER SET utf8 COLLATE utf8_bin DEFAULT NULL,
  `PROC_DEF_ID_` varchar(64) CHARACTER SET utf8 COLLATE utf8_bin DEFAULT NULL,
  `RETRIES_` int DEFAULT NULL,
  `EXCEPTION_STACK_ID_` varchar(64) CHARACTER SET utf8 COLLATE utf8_bin DEFAULT NULL,
  `EXCEPTION_MSG_` varchar(4000) CHARACTER SET utf8 COLLATE utf8_bin DEFAULT NULL,
  `DUEDATE_` timestamp(3) NULL DEFAULT NULL,
  `REPEAT_` varchar(255) CHARACTER SET utf8 COLLATE utf8_bin DEFAULT NULL,
  `HANDLER_TYPE_` varchar(255) CHARACTER SET utf8 COLLATE utf8_bin DEFAULT NULL,
  `HANDLER_CFG_` varchar(4000) CHARACTER SET utf8 COLLATE utf8_bin DEFAULT NULL,
  `TENANT_ID_` varchar(255) CHARACTER SET utf8 COLLATE utf8_bin DEFAULT '',
  PRIMARY KEY (`ID_`),
  KEY `ACT_FK_TIMER_JOB_EXECUTION` (`EXECUTION_ID_`),
  KEY `ACT_FK_TIMER_JOB_PROCESS_INSTANCE` (`PROCESS_INSTANCE_ID_`),
  KEY `ACT_FK_TIMER_JOB_PROC_DEF` (`PROC_DEF_ID_`),
  KEY `ACT_FK_TIMER_JOB_EXCEPTION` (`EXCEPTION_STACK_ID_`),
  CONSTRAINT `ACT_FK_TIMER_JOB_EXCEPTION` FOREIGN KEY (`EXCEPTION_STACK_ID_`) REFERENCES `ACT_GE_BYTEARRAY` (`ID_`),
  CONSTRAINT `ACT_FK_TIMER_JOB_EXECUTION` FOREIGN KEY (`EXECUTION_ID_`) REFERENCES `ACT_RU_EXECUTION` (`ID_`),
  CONSTRAINT `ACT_FK_TIMER_JOB_PROC_DEF` FOREIGN KEY (`PROC_DEF_ID_`) REFERENCES `ACT_RE_PROCDEF` (`ID_`),
  CONSTRAINT `ACT_FK_TIMER_JOB_PROCESS_INSTANCE` FOREIGN KEY (`PROCESS_INSTANCE_ID_`) REFERENCES `ACT_RU_EXECUTION` (`ID_`)
) ENGINE=InnoDB DEFAULT CHARSET=utf8mb3 COLLATE=utf8_bin;

-- ----------------------------
-- Records of ACT_RU_TIMER_JOB
-- ----------------------------
BEGIN;
COMMIT;

-- ----------------------------
-- Table structure for ACT_RU_VARIABLE
-- ----------------------------
DROP TABLE IF EXISTS `ACT_RU_VARIABLE`;
CREATE TABLE `ACT_RU_VARIABLE` (
  `ID_` varchar(64) CHARACTER SET utf8 COLLATE utf8_bin NOT NULL,
  `REV_` int DEFAULT NULL,
  `TYPE_` varchar(255) CHARACTER SET utf8 COLLATE utf8_bin NOT NULL,
  `NAME_` varchar(255) CHARACTER SET utf8 COLLATE utf8_bin NOT NULL,
  `EXECUTION_ID_` varchar(64) CHARACTER SET utf8 COLLATE utf8_bin DEFAULT NULL,
  `PROC_INST_ID_` varchar(64) CHARACTER SET utf8 COLLATE utf8_bin DEFAULT NULL,
  `TASK_ID_` varchar(64) CHARACTER SET utf8 COLLATE utf8_bin DEFAULT NULL,
  `BYTEARRAY_ID_` varchar(64) CHARACTER SET utf8 COLLATE utf8_bin DEFAULT NULL,
  `DOUBLE_` double DEFAULT NULL,
  `LONG_` bigint DEFAULT NULL,
  `TEXT_` varchar(4000) CHARACTER SET utf8 COLLATE utf8_bin DEFAULT NULL,
  `TEXT2_` varchar(4000) CHARACTER SET utf8 COLLATE utf8_bin DEFAULT NULL,
  PRIMARY KEY (`ID_`),
  KEY `ACT_IDX_VARIABLE_TASK_ID` (`TASK_ID_`),
  KEY `ACT_FK_VAR_EXE` (`EXECUTION_ID_`),
  KEY `ACT_FK_VAR_PROCINST` (`PROC_INST_ID_`),
  KEY `ACT_FK_VAR_BYTEARRAY` (`BYTEARRAY_ID_`),
  CONSTRAINT `ACT_FK_VAR_BYTEARRAY` FOREIGN KEY (`BYTEARRAY_ID_`) REFERENCES `ACT_GE_BYTEARRAY` (`ID_`),
  CONSTRAINT `ACT_FK_VAR_EXE` FOREIGN KEY (`EXECUTION_ID_`) REFERENCES `ACT_RU_EXECUTION` (`ID_`),
  CONSTRAINT `ACT_FK_VAR_PROCINST` FOREIGN KEY (`PROC_INST_ID_`) REFERENCES `ACT_RU_EXECUTION` (`ID_`)
) ENGINE=InnoDB DEFAULT CHARSET=utf8mb3 COLLATE=utf8_bin;

-- ----------------------------
-- Records of ACT_RU_VARIABLE
-- ----------------------------
BEGIN;
COMMIT;

-- ----------------------------
-- Table structure for gen_table
-- ----------------------------
DROP TABLE IF EXISTS `gen_table`;
CREATE TABLE `gen_table` (
  `table_id` varchar(20) CHARACTER SET utf8mb4 COLLATE utf8mb4_general_ci NOT NULL COMMENT '编号',
  `table_name` varchar(200) CHARACTER SET utf8mb4 COLLATE utf8mb4_general_ci DEFAULT '' COMMENT '表名称',
  `table_comment` varchar(500) CHARACTER SET utf8mb4 COLLATE utf8mb4_general_ci DEFAULT '' COMMENT '表描述',
  `sub_table_name` varchar(64) CHARACTER SET utf8mb4 COLLATE utf8mb4_general_ci DEFAULT NULL COMMENT '关联子表的表名',
  `sub_table_fk_name` varchar(64) CHARACTER SET utf8mb4 COLLATE utf8mb4_general_ci DEFAULT NULL COMMENT '子表关联的外键名',
  `class_name` varchar(100) CHARACTER SET utf8mb4 COLLATE utf8mb4_general_ci DEFAULT '' COMMENT '实体类名称',
  `tpl_category` varchar(200) CHARACTER SET utf8mb4 COLLATE utf8mb4_general_ci DEFAULT 'crud' COMMENT '使用的模板（crud单表操作 tree树表操作 sub主子表操作）',
  `package_name` varchar(100) CHARACTER SET utf8mb4 COLLATE utf8mb4_general_ci DEFAULT NULL COMMENT '生成包路径',
  `module_name` varchar(30) CHARACTER SET utf8mb4 COLLATE utf8mb4_general_ci DEFAULT NULL COMMENT '生成模块名',
  `business_name` varchar(30) CHARACTER SET utf8mb4 COLLATE utf8mb4_general_ci DEFAULT NULL COMMENT '生成业务名',
  `function_name` varchar(50) CHARACTER SET utf8mb4 COLLATE utf8mb4_general_ci DEFAULT NULL COMMENT '生成功能名',
  `function_author` varchar(50) CHARACTER SET utf8mb4 COLLATE utf8mb4_general_ci DEFAULT NULL COMMENT '生成功能作者',
  `gen_type` char(1) CHARACTER SET utf8mb4 COLLATE utf8mb4_general_ci DEFAULT '0' COMMENT '生成代码方式（0zip压缩包 1自定义路径）',
  `gen_path` varchar(200) CHARACTER SET utf8mb4 COLLATE utf8mb4_general_ci DEFAULT '/' COMMENT '生成路径（不填默认项目路径）',
  `options` varchar(1000) CHARACTER SET utf8mb4 COLLATE utf8mb4_general_ci DEFAULT NULL COMMENT '其它生成选项',
  `create_by` varchar(64) CHARACTER SET utf8mb4 COLLATE utf8mb4_general_ci DEFAULT '' COMMENT '创建者',
  `create_time` datetime DEFAULT NULL COMMENT '创建时间',
  `update_by` varchar(64) CHARACTER SET utf8mb4 COLLATE utf8mb4_general_ci DEFAULT '' COMMENT '更新者',
  `update_time` datetime DEFAULT NULL COMMENT '更新时间',
  `remark` varchar(500) CHARACTER SET utf8mb4 COLLATE utf8mb4_general_ci DEFAULT NULL COMMENT '备注',
  `parent_menu_id` varchar(40) CHARACTER SET utf8mb4 COLLATE utf8mb4_general_ci DEFAULT NULL COMMENT '父级菜单',
  `parent_menu_name` varchar(255) CHARACTER SET utf8mb4 COLLATE utf8mb4_general_ci DEFAULT NULL COMMENT '父级菜单名称',
  `tree_code` varchar(255) CHARACTER SET utf8mb4 COLLATE utf8mb4_general_ci DEFAULT NULL COMMENT '树表主键',
  `tree_parent_code` varchar(255) CHARACTER SET utf8mb4 COLLATE utf8mb4_general_ci DEFAULT NULL COMMENT '树表父级字段',
  PRIMARY KEY (`table_id`) USING BTREE
) ENGINE=InnoDB DEFAULT CHARSET=utf8mb4 COLLATE=utf8mb4_general_ci ROW_FORMAT=DYNAMIC COMMENT='代码生成业务表';

-- ----------------------------
-- Records of gen_table
-- ----------------------------
BEGIN;
INSERT INTO `gen_table` (`table_id`, `table_name`, `table_comment`, `sub_table_name`, `sub_table_fk_name`, `class_name`, `tpl_category`, `package_name`, `module_name`, `business_name`, `function_name`, `function_author`, `gen_type`, `gen_path`, `options`, `create_by`, `create_time`, `update_by`, `update_time`, `remark`, `parent_menu_id`, `parent_menu_name`, `tree_code`, `tree_parent_code`) VALUES ('1418977532593569792', 'sys_power', '权限列表', NULL, NULL, 'SysPower', 'tree', 'com.pearadmin.system', 'system', 'power', '权限列表', '就眠仪式', '0', '/', 'null', '', '2021-07-25 00:53:01', '', '2021-07-25 01:31:08', '权限列表', '1', '系统管理', 'id', 'parent_id');
INSERT INTO `gen_table` (`table_id`, `table_name`, `table_comment`, `sub_table_name`, `sub_table_fk_name`, `class_name`, `tpl_category`, `package_name`, `module_name`, `business_name`, `function_name`, `function_author`, `gen_type`, `gen_path`, `options`, `create_by`, `create_time`, `update_by`, `update_time`, `remark`, `parent_menu_id`, `parent_menu_name`, `tree_code`, `tree_parent_code`) VALUES ('1418978010781974528', 'sys_user', '用户列表', NULL, NULL, 'SysUser', 'crud', 'com.pearadmin.system', 'system', 'user', '用户列表', '就眠仪式', '0', '/', 'null', '', '2021-07-25 00:54:55', '', '2021-07-25 01:04:45', '用户列表', '0', '顶级权限', '3', '3');
COMMIT;

-- ----------------------------
-- Table structure for gen_table_column
-- ----------------------------
DROP TABLE IF EXISTS `gen_table_column`;
CREATE TABLE `gen_table_column` (
  `column_id` varchar(20) CHARACTER SET utf8mb4 COLLATE utf8mb4_general_ci NOT NULL COMMENT '编号',
  `table_id` varchar(64) CHARACTER SET utf8mb4 COLLATE utf8mb4_general_ci DEFAULT NULL COMMENT '归属表编号',
  `column_name` varchar(200) CHARACTER SET utf8mb4 COLLATE utf8mb4_general_ci DEFAULT NULL COMMENT '列名称',
  `column_comment` varchar(500) CHARACTER SET utf8mb4 COLLATE utf8mb4_general_ci DEFAULT NULL COMMENT '列描述',
  `column_type` varchar(100) CHARACTER SET utf8mb4 COLLATE utf8mb4_general_ci DEFAULT NULL COMMENT '列类型',
  `java_type` varchar(500) CHARACTER SET utf8mb4 COLLATE utf8mb4_general_ci DEFAULT NULL COMMENT 'JAVA类型',
  `java_field` varchar(200) CHARACTER SET utf8mb4 COLLATE utf8mb4_general_ci DEFAULT NULL COMMENT 'JAVA字段名',
  `is_pk` char(1) CHARACTER SET utf8mb4 COLLATE utf8mb4_general_ci DEFAULT NULL COMMENT '是否主键（1是）',
  `is_increment` char(1) CHARACTER SET utf8mb4 COLLATE utf8mb4_general_ci DEFAULT NULL COMMENT '是否自增（1是）',
  `is_required` char(1) CHARACTER SET utf8mb4 COLLATE utf8mb4_general_ci DEFAULT NULL COMMENT '是否必填（1是）',
  `is_insert` char(1) CHARACTER SET utf8mb4 COLLATE utf8mb4_general_ci DEFAULT NULL COMMENT '是否为插入字段（1是）',
  `is_edit` char(1) CHARACTER SET utf8mb4 COLLATE utf8mb4_general_ci DEFAULT NULL COMMENT '是否编辑字段（1是）',
  `is_list` char(1) CHARACTER SET utf8mb4 COLLATE utf8mb4_general_ci DEFAULT NULL COMMENT '是否列表字段（1是）',
  `is_query` char(1) CHARACTER SET utf8mb4 COLLATE utf8mb4_general_ci DEFAULT NULL COMMENT '是否查询字段（1是）',
  `query_type` varchar(200) CHARACTER SET utf8mb4 COLLATE utf8mb4_general_ci DEFAULT 'EQ' COMMENT '查询方式（等于、不等于、大于、小于、范围）',
  `html_type` varchar(200) CHARACTER SET utf8mb4 COLLATE utf8mb4_general_ci DEFAULT NULL COMMENT '显示类型（文本框、文本域、下拉框、复选框、单选框、日期控件）',
  `dict_type` varchar(200) CHARACTER SET utf8mb4 COLLATE utf8mb4_general_ci DEFAULT '' COMMENT '字典类型',
  `sort` int DEFAULT NULL COMMENT '排序',
  `create_by` varchar(64) CHARACTER SET utf8mb4 COLLATE utf8mb4_general_ci DEFAULT '' COMMENT '创建者',
  `create_time` datetime DEFAULT NULL COMMENT '创建时间',
  `update_by` varchar(64) CHARACTER SET utf8mb4 COLLATE utf8mb4_general_ci DEFAULT '' COMMENT '更新者',
  `update_time` datetime DEFAULT NULL COMMENT '更新时间',
  PRIMARY KEY (`column_id`) USING BTREE
) ENGINE=InnoDB DEFAULT CHARSET=utf8mb4 COLLATE=utf8mb4_general_ci ROW_FORMAT=DYNAMIC COMMENT='代码生成业务表字段';

-- ----------------------------
-- Records of gen_table_column
-- ----------------------------
BEGIN;
INSERT INTO `gen_table_column` (`column_id`, `table_id`, `column_name`, `column_comment`, `column_type`, `java_type`, `java_field`, `is_pk`, `is_increment`, `is_required`, `is_insert`, `is_edit`, `is_list`, `is_query`, `query_type`, `html_type`, `dict_type`, `sort`, `create_by`, `create_time`, `update_by`, `update_time`) VALUES ('1418977532627124224', '1418977532593569792', 'power_id', '权限编号', 'char(19)', 'String', 'powerId', '1', '0', NULL, '1', NULL, NULL, NULL, 'EQ', 'input', 'input', 1, '', '2021-07-25 00:53:01', NULL, '2021-07-25 01:31:08');
INSERT INTO `gen_table_column` (`column_id`, `table_id`, `column_name`, `column_comment`, `column_type`, `java_type`, `java_field`, `is_pk`, `is_increment`, `is_required`, `is_insert`, `is_edit`, `is_list`, `is_query`, `query_type`, `html_type`, `dict_type`, `sort`, `create_by`, `create_time`, `update_by`, `update_time`) VALUES ('1418977532648095744', '1418977532593569792', 'power_name', '权限名称', 'varchar(255)', 'String', 'powerName', '0', '0', NULL, '1', '1', '1', '1', 'LIKE', 'input', 'input', 2, '', '2021-07-25 00:53:01', NULL, '2021-07-25 01:31:08');
INSERT INTO `gen_table_column` (`column_id`, `table_id`, `column_name`, `column_comment`, `column_type`, `java_type`, `java_field`, `is_pk`, `is_increment`, `is_required`, `is_insert`, `is_edit`, `is_list`, `is_query`, `query_type`, `html_type`, `dict_type`, `sort`, `create_by`, `create_time`, `update_by`, `update_time`) VALUES ('1418977532660678656', '1418977532593569792', 'power_type', '权限类型', 'char(1)', 'String', 'powerType', '0', '0', NULL, '1', '1', '1', '1', 'EQ', 'select', 'input', 3, '', '2021-07-25 00:53:01', NULL, '2021-07-25 01:31:08');
INSERT INTO `gen_table_column` (`column_id`, `table_id`, `column_name`, `column_comment`, `column_type`, `java_type`, `java_field`, `is_pk`, `is_increment`, `is_required`, `is_insert`, `is_edit`, `is_list`, `is_query`, `query_type`, `html_type`, `dict_type`, `sort`, `create_by`, `create_time`, `update_by`, `update_time`) VALUES ('1418977532673261568', '1418977532593569792', 'power_code', '权限标识', 'char(30)', 'String', 'powerCode', '0', '0', NULL, '1', '1', '1', '1', 'EQ', 'input', 'input', 4, '', '2021-07-25 00:53:01', NULL, '2021-07-25 01:31:08');
INSERT INTO `gen_table_column` (`column_id`, `table_id`, `column_name`, `column_comment`, `column_type`, `java_type`, `java_field`, `is_pk`, `is_increment`, `is_required`, `is_insert`, `is_edit`, `is_list`, `is_query`, `query_type`, `html_type`, `dict_type`, `sort`, `create_by`, `create_time`, `update_by`, `update_time`) VALUES ('1418977532681650176', '1418977532593569792', 'power_url', '权限路径', 'varchar(255)', 'String', 'powerUrl', '0', '0', NULL, '1', '1', '1', '1', 'EQ', 'input', 'input', 5, '', '2021-07-25 00:53:01', NULL, '2021-07-25 01:31:08');
INSERT INTO `gen_table_column` (`column_id`, `table_id`, `column_name`, `column_comment`, `column_type`, `java_type`, `java_field`, `is_pk`, `is_increment`, `is_required`, `is_insert`, `is_edit`, `is_list`, `is_query`, `query_type`, `html_type`, `dict_type`, `sort`, `create_by`, `create_time`, `update_by`, `update_time`) VALUES ('1418977532690038784', '1418977532593569792', 'open_type', '打开方式', 'char(10)', 'String', 'openType', '0', '0', NULL, '1', '1', '1', '1', 'EQ', 'select', 'input', 6, '', '2021-07-25 00:53:01', NULL, '2021-07-25 01:31:08');
INSERT INTO `gen_table_column` (`column_id`, `table_id`, `column_name`, `column_comment`, `column_type`, `java_type`, `java_field`, `is_pk`, `is_increment`, `is_required`, `is_insert`, `is_edit`, `is_list`, `is_query`, `query_type`, `html_type`, `dict_type`, `sort`, `create_by`, `create_time`, `update_by`, `update_time`) VALUES ('1418977532698427392', '1418977532593569792', 'parent_id', '父类编号', 'char(19)', 'String', 'parentId', '0', '0', NULL, '1', '1', '1', '1', 'EQ', 'input', 'input', 7, '', '2021-07-25 00:53:01', NULL, '2021-07-25 01:31:08');
INSERT INTO `gen_table_column` (`column_id`, `table_id`, `column_name`, `column_comment`, `column_type`, `java_type`, `java_field`, `is_pk`, `is_increment`, `is_required`, `is_insert`, `is_edit`, `is_list`, `is_query`, `query_type`, `html_type`, `dict_type`, `sort`, `create_by`, `create_time`, `update_by`, `update_time`) VALUES ('1418977532702621696', '1418977532593569792', 'icon', '图标', 'varchar(128)', 'String', 'icon', '0', '0', NULL, '1', '1', '1', '1', 'EQ', 'input', 'input', 8, '', '2021-07-25 00:53:01', NULL, '2021-07-25 01:31:08');
INSERT INTO `gen_table_column` (`column_id`, `table_id`, `column_name`, `column_comment`, `column_type`, `java_type`, `java_field`, `is_pk`, `is_increment`, `is_required`, `is_insert`, `is_edit`, `is_list`, `is_query`, `query_type`, `html_type`, `dict_type`, `sort`, `create_by`, `create_time`, `update_by`, `update_time`) VALUES ('1418977532711010304', '1418977532593569792', 'sort', '排序', 'int', 'Long', 'sort', '0', '0', NULL, '1', '1', '1', '1', 'EQ', 'input', 'input', 9, '', '2021-07-25 00:53:01', NULL, '2021-07-25 01:31:08');
INSERT INTO `gen_table_column` (`column_id`, `table_id`, `column_name`, `column_comment`, `column_type`, `java_type`, `java_field`, `is_pk`, `is_increment`, `is_required`, `is_insert`, `is_edit`, `is_list`, `is_query`, `query_type`, `html_type`, `dict_type`, `sort`, `create_by`, `create_time`, `update_by`, `update_time`) VALUES ('1418977532715204608', '1418977532593569792', 'create_by', '创建人', 'char(19)', 'String', 'createBy', '0', '0', NULL, '1', NULL, NULL, NULL, 'EQ', 'input', 'input', 10, '', '2021-07-25 00:53:01', NULL, '2021-07-25 01:31:08');
INSERT INTO `gen_table_column` (`column_id`, `table_id`, `column_name`, `column_comment`, `column_type`, `java_type`, `java_field`, `is_pk`, `is_increment`, `is_required`, `is_insert`, `is_edit`, `is_list`, `is_query`, `query_type`, `html_type`, `dict_type`, `sort`, `create_by`, `create_time`, `update_by`, `update_time`) VALUES ('1418977532723593216', '1418977532593569792', 'create_time', '创建时间', 'datetime', 'Date', 'createTime', '0', '0', NULL, '1', NULL, NULL, NULL, 'EQ', 'datetime', 'input', 11, '', '2021-07-25 00:53:01', NULL, '2021-07-25 01:31:08');
INSERT INTO `gen_table_column` (`column_id`, `table_id`, `column_name`, `column_comment`, `column_type`, `java_type`, `java_field`, `is_pk`, `is_increment`, `is_required`, `is_insert`, `is_edit`, `is_list`, `is_query`, `query_type`, `html_type`, `dict_type`, `sort`, `create_by`, `create_time`, `update_by`, `update_time`) VALUES ('1418977532727787520', '1418977532593569792', 'update_by', '修改人', 'char(19)', 'String', 'updateBy', '0', '0', NULL, '1', '1', NULL, NULL, 'EQ', 'input', 'input', 12, '', '2021-07-25 00:53:01', NULL, '2021-07-25 01:31:08');
INSERT INTO `gen_table_column` (`column_id`, `table_id`, `column_name`, `column_comment`, `column_type`, `java_type`, `java_field`, `is_pk`, `is_increment`, `is_required`, `is_insert`, `is_edit`, `is_list`, `is_query`, `query_type`, `html_type`, `dict_type`, `sort`, `create_by`, `create_time`, `update_by`, `update_time`) VALUES ('1418977532740370432', '1418977532593569792', 'update_time', '修改时间', 'datetime', 'Date', 'updateTime', '0', '0', NULL, '1', '1', NULL, NULL, 'EQ', 'datetime', 'input', 13, '', '2021-07-25 00:53:01', NULL, '2021-07-25 01:31:08');
INSERT INTO `gen_table_column` (`column_id`, `table_id`, `column_name`, `column_comment`, `column_type`, `java_type`, `java_field`, `is_pk`, `is_increment`, `is_required`, `is_insert`, `is_edit`, `is_list`, `is_query`, `query_type`, `html_type`, `dict_type`, `sort`, `create_by`, `create_time`, `update_by`, `update_time`) VALUES ('1418977532748759040', '1418977532593569792', 'remark', '备注', 'varchar(255)', 'String', 'remark', '0', '0', NULL, '1', '1', '1', NULL, 'EQ', 'input', 'input', 14, '', '2021-07-25 00:53:01', NULL, '2021-07-25 01:31:08');
INSERT INTO `gen_table_column` (`column_id`, `table_id`, `column_name`, `column_comment`, `column_type`, `java_type`, `java_field`, `is_pk`, `is_increment`, `is_required`, `is_insert`, `is_edit`, `is_list`, `is_query`, `query_type`, `html_type`, `dict_type`, `sort`, `create_by`, `create_time`, `update_by`, `update_time`) VALUES ('1418977532757147648', '1418977532593569792', 'enable', '是否开启', 'char(1)', 'String', 'enable', '0', '0', NULL, '1', '1', '1', '1', 'EQ', 'input', 'input', 15, '', '2021-07-25 00:53:01', NULL, '2021-07-25 01:31:08');
INSERT INTO `gen_table_column` (`column_id`, `table_id`, `column_name`, `column_comment`, `column_type`, `java_type`, `java_field`, `is_pk`, `is_increment`, `is_required`, `is_insert`, `is_edit`, `is_list`, `is_query`, `query_type`, `html_type`, `dict_type`, `sort`, `create_by`, `create_time`, `update_by`, `update_time`) VALUES ('1418978010802946048', '1418978010781974528', 'user_id', '编号', 'char(19)', 'String', 'userId', '1', '0', NULL, '1', NULL, NULL, NULL, 'EQ', 'input', 'input', 1, '', '2021-07-25 00:54:55', NULL, '2021-07-25 01:04:45');
INSERT INTO `gen_table_column` (`column_id`, `table_id`, `column_name`, `column_comment`, `column_type`, `java_type`, `java_field`, `is_pk`, `is_increment`, `is_required`, `is_insert`, `is_edit`, `is_list`, `is_query`, `query_type`, `html_type`, `dict_type`, `sort`, `create_by`, `create_time`, `update_by`, `update_time`) VALUES ('1418978010811334656', '1418978010781974528', 'username', '账户', 'char(20)', 'String', 'username', '0', '0', NULL, '1', '1', '1', '1', 'LIKE', 'input', 'input', 2, '', '2021-07-25 00:54:55', NULL, '2021-07-25 01:04:45');
INSERT INTO `gen_table_column` (`column_id`, `table_id`, `column_name`, `column_comment`, `column_type`, `java_type`, `java_field`, `is_pk`, `is_increment`, `is_required`, `is_insert`, `is_edit`, `is_list`, `is_query`, `query_type`, `html_type`, `dict_type`, `sort`, `create_by`, `create_time`, `update_by`, `update_time`) VALUES ('1418978010815528960', '1418978010781974528', 'password', '密码', 'char(60)', 'String', 'password', '0', '0', NULL, '1', '1', '1', '1', 'EQ', 'input', 'input', 3, '', '2021-07-25 00:54:55', NULL, '2021-07-25 01:04:45');
INSERT INTO `gen_table_column` (`column_id`, `table_id`, `column_name`, `column_comment`, `column_type`, `java_type`, `java_field`, `is_pk`, `is_increment`, `is_required`, `is_insert`, `is_edit`, `is_list`, `is_query`, `query_type`, `html_type`, `dict_type`, `sort`, `create_by`, `create_time`, `update_by`, `update_time`) VALUES ('1418978010819723264', '1418978010781974528', 'salt', '姓名', 'char(10)', 'String', 'salt', '0', '0', NULL, '1', '1', '1', '1', 'EQ', 'input', 'input', 4, '', '2021-07-25 00:54:55', NULL, '2021-07-25 01:04:45');
INSERT INTO `gen_table_column` (`column_id`, `table_id`, `column_name`, `column_comment`, `column_type`, `java_type`, `java_field`, `is_pk`, `is_increment`, `is_required`, `is_insert`, `is_edit`, `is_list`, `is_query`, `query_type`, `html_type`, `dict_type`, `sort`, `create_by`, `create_time`, `update_by`, `update_time`) VALUES ('1418978010828111872', '1418978010781974528', 'status', '状态', 'char(1)', 'String', 'status', '0', '0', NULL, '1', '1', '1', '1', 'EQ', 'radio', 'input', 5, '', '2021-07-25 00:54:55', NULL, '2021-07-25 01:04:45');
INSERT INTO `gen_table_column` (`column_id`, `table_id`, `column_name`, `column_comment`, `column_type`, `java_type`, `java_field`, `is_pk`, `is_increment`, `is_required`, `is_insert`, `is_edit`, `is_list`, `is_query`, `query_type`, `html_type`, `dict_type`, `sort`, `create_by`, `create_time`, `update_by`, `update_time`) VALUES ('1418978010832306176', '1418978010781974528', 'real_name', '姓名', 'char(8)', 'String', 'realName', '0', '0', NULL, '1', '1', '1', '1', 'LIKE', 'input', 'input', 6, '', '2021-07-25 00:54:55', NULL, '2021-07-25 01:04:45');
INSERT INTO `gen_table_column` (`column_id`, `table_id`, `column_name`, `column_comment`, `column_type`, `java_type`, `java_field`, `is_pk`, `is_increment`, `is_required`, `is_insert`, `is_edit`, `is_list`, `is_query`, `query_type`, `html_type`, `dict_type`, `sort`, `create_by`, `create_time`, `update_by`, `update_time`) VALUES ('1418978010836500480', '1418978010781974528', 'email', '邮箱', 'char(20)', 'String', 'email', '0', '0', NULL, '1', '1', '1', '1', 'EQ', 'input', 'input', 7, '', '2021-07-25 00:54:55', NULL, '2021-07-25 01:04:45');
INSERT INTO `gen_table_column` (`column_id`, `table_id`, `column_name`, `column_comment`, `column_type`, `java_type`, `java_field`, `is_pk`, `is_increment`, `is_required`, `is_insert`, `is_edit`, `is_list`, `is_query`, `query_type`, `html_type`, `dict_type`, `sort`, `create_by`, `create_time`, `update_by`, `update_time`) VALUES ('1418978010840694784', '1418978010781974528', 'avatar', '头像', 'varchar(30)', 'String', 'avatar', '0', '0', NULL, '1', '1', '1', '1', 'EQ', 'input', 'input', 8, '', '2021-07-25 00:54:55', NULL, '2021-07-25 01:04:45');
INSERT INTO `gen_table_column` (`column_id`, `table_id`, `column_name`, `column_comment`, `column_type`, `java_type`, `java_field`, `is_pk`, `is_increment`, `is_required`, `is_insert`, `is_edit`, `is_list`, `is_query`, `query_type`, `html_type`, `dict_type`, `sort`, `create_by`, `create_time`, `update_by`, `update_time`) VALUES ('1418978010849083392', '1418978010781974528', 'sex', '性别', 'char(1)', 'String', 'sex', '0', '0', NULL, '1', '1', '1', '1', 'EQ', 'select', 'input', 9, '', '2021-07-25 00:54:55', NULL, '2021-07-25 01:04:45');
INSERT INTO `gen_table_column` (`column_id`, `table_id`, `column_name`, `column_comment`, `column_type`, `java_type`, `java_field`, `is_pk`, `is_increment`, `is_required`, `is_insert`, `is_edit`, `is_list`, `is_query`, `query_type`, `html_type`, `dict_type`, `sort`, `create_by`, `create_time`, `update_by`, `update_time`) VALUES ('1418978010853277696', '1418978010781974528', 'phone', '电话', 'char(11)', 'String', 'phone', '0', '0', NULL, '1', '1', '1', '1', 'EQ', 'input', 'input', 10, '', '2021-07-25 00:54:55', NULL, '2021-07-25 01:04:45');
INSERT INTO `gen_table_column` (`column_id`, `table_id`, `column_name`, `column_comment`, `column_type`, `java_type`, `java_field`, `is_pk`, `is_increment`, `is_required`, `is_insert`, `is_edit`, `is_list`, `is_query`, `query_type`, `html_type`, `dict_type`, `sort`, `create_by`, `create_time`, `update_by`, `update_time`) VALUES ('1418978010857472000', '1418978010781974528', 'create_time', '创建时间', 'datetime', 'Date', 'createTime', '0', '0', NULL, '1', NULL, NULL, NULL, 'EQ', 'datetime', 'input', 11, '', '2021-07-25 00:54:55', NULL, '2021-07-25 01:04:45');
INSERT INTO `gen_table_column` (`column_id`, `table_id`, `column_name`, `column_comment`, `column_type`, `java_type`, `java_field`, `is_pk`, `is_increment`, `is_required`, `is_insert`, `is_edit`, `is_list`, `is_query`, `query_type`, `html_type`, `dict_type`, `sort`, `create_by`, `create_time`, `update_by`, `update_time`) VALUES ('1418978010861666304', '1418978010781974528', 'create_by', '创建人', 'char(1)', 'String', 'createBy', '0', '0', NULL, '1', NULL, NULL, NULL, 'EQ', 'input', 'input', 12, '', '2021-07-25 00:54:55', NULL, '2021-07-25 01:04:45');
INSERT INTO `gen_table_column` (`column_id`, `table_id`, `column_name`, `column_comment`, `column_type`, `java_type`, `java_field`, `is_pk`, `is_increment`, `is_required`, `is_insert`, `is_edit`, `is_list`, `is_query`, `query_type`, `html_type`, `dict_type`, `sort`, `create_by`, `create_time`, `update_by`, `update_time`) VALUES ('1418978010874249216', '1418978010781974528', 'update_time', '修改时间', 'datetime', 'Date', 'updateTime', '0', '0', NULL, '1', '1', NULL, NULL, 'EQ', 'datetime', 'input', 13, '', '2021-07-25 00:54:55', NULL, '2021-07-25 01:04:45');
INSERT INTO `gen_table_column` (`column_id`, `table_id`, `column_name`, `column_comment`, `column_type`, `java_type`, `java_field`, `is_pk`, `is_increment`, `is_required`, `is_insert`, `is_edit`, `is_list`, `is_query`, `query_type`, `html_type`, `dict_type`, `sort`, `create_by`, `create_time`, `update_by`, `update_time`) VALUES ('1418978010882637824', '1418978010781974528', 'update_by', '修改人', 'char(1)', 'String', 'updateBy', '0', '0', NULL, '1', '1', NULL, NULL, 'EQ', 'input', 'input', 14, '', '2021-07-25 00:54:55', NULL, '2021-07-25 01:04:45');
INSERT INTO `gen_table_column` (`column_id`, `table_id`, `column_name`, `column_comment`, `column_type`, `java_type`, `java_field`, `is_pk`, `is_increment`, `is_required`, `is_insert`, `is_edit`, `is_list`, `is_query`, `query_type`, `html_type`, `dict_type`, `sort`, `create_by`, `create_time`, `update_by`, `update_time`) VALUES ('1418978010886832128', '1418978010781974528', 'remark', '备注', 'varchar(255)', 'String', 'remark', '0', '0', NULL, '1', '1', '1', NULL, 'EQ', 'input', 'input', 15, '', '2021-07-25 00:54:55', NULL, '2021-07-25 01:04:45');
INSERT INTO `gen_table_column` (`column_id`, `table_id`, `column_name`, `column_comment`, `column_type`, `java_type`, `java_field`, `is_pk`, `is_increment`, `is_required`, `is_insert`, `is_edit`, `is_list`, `is_query`, `query_type`, `html_type`, `dict_type`, `sort`, `create_by`, `create_time`, `update_by`, `update_time`) VALUES ('1418978010895220736', '1418978010781974528', 'enable', '是否启用', 'char(1)', 'String', 'enable', '0', '0', NULL, '1', '1', '1', '1', 'EQ', 'input', 'input', 16, '', '2021-07-25 00:54:55', NULL, '2021-07-25 01:04:45');
INSERT INTO `gen_table_column` (`column_id`, `table_id`, `column_name`, `column_comment`, `column_type`, `java_type`, `java_field`, `is_pk`, `is_increment`, `is_required`, `is_insert`, `is_edit`, `is_list`, `is_query`, `query_type`, `html_type`, `dict_type`, `sort`, `create_by`, `create_time`, `update_by`, `update_time`) VALUES ('1418978010903609344', '1418978010781974528', 'login', '是否登录', 'char(1)', 'String', 'login', '0', '0', NULL, '1', '1', '1', '1', 'EQ', 'input', 'input', 17, '', '2021-07-25 00:54:55', NULL, '2021-07-25 01:04:45');
INSERT INTO `gen_table_column` (`column_id`, `table_id`, `column_name`, `column_comment`, `column_type`, `java_type`, `java_field`, `is_pk`, `is_increment`, `is_required`, `is_insert`, `is_edit`, `is_list`, `is_query`, `query_type`, `html_type`, `dict_type`, `sort`, `create_by`, `create_time`, `update_by`, `update_time`) VALUES ('1418978010907803648', '1418978010781974528', 'dept_id', '部门编号', 'char(19)', 'String', 'deptId', '0', '0', NULL, '1', '1', '1', '1', 'EQ', 'input', 'input', 18, '', '2021-07-25 00:54:55', NULL, '2021-07-25 01:04:45');
INSERT INTO `gen_table_column` (`column_id`, `table_id`, `column_name`, `column_comment`, `column_type`, `java_type`, `java_field`, `is_pk`, `is_increment`, `is_required`, `is_insert`, `is_edit`, `is_list`, `is_query`, `query_type`, `html_type`, `dict_type`, `sort`, `create_by`, `create_time`, `update_by`, `update_time`) VALUES ('1418978010916192256', '1418978010781974528', 'last_time', '最后一次登录时间', 'datetime', 'Date', 'lastTime', '0', '0', NULL, '1', '1', '1', '1', 'EQ', 'datetime', 'input', 19, '', '2021-07-25 00:54:55', NULL, '2021-07-25 01:04:45');
COMMIT;

-- ----------------------------
-- Table structure for schedule_fired_triggers
-- ----------------------------
DROP TABLE IF EXISTS `schedule_fired_triggers`;
CREATE TABLE `schedule_fired_triggers` (
  `SCHED_NAME` varchar(120) CHARACTER SET utf8 COLLATE utf8_general_ci NOT NULL,
  `ENTRY_ID` varchar(95) CHARACTER SET utf8 COLLATE utf8_general_ci NOT NULL,
  `TRIGGER_NAME` varchar(200) CHARACTER SET utf8 COLLATE utf8_general_ci NOT NULL,
  `TRIGGER_GROUP` varchar(200) CHARACTER SET utf8 COLLATE utf8_general_ci NOT NULL,
  `INSTANCE_NAME` varchar(200) CHARACTER SET utf8 COLLATE utf8_general_ci NOT NULL,
  `FIRED_TIME` bigint NOT NULL,
  `SCHED_TIME` bigint NOT NULL,
  `PRIORITY` int NOT NULL,
  `STATE` varchar(16) CHARACTER SET utf8 COLLATE utf8_general_ci NOT NULL,
  `JOB_NAME` varchar(200) CHARACTER SET utf8 COLLATE utf8_general_ci DEFAULT NULL,
  `JOB_GROUP` varchar(200) CHARACTER SET utf8 COLLATE utf8_general_ci DEFAULT NULL,
  `IS_NONCONCURRENT` varchar(1) CHARACTER SET utf8 COLLATE utf8_general_ci DEFAULT NULL,
  `REQUESTS_RECOVERY` varchar(1) CHARACTER SET utf8 COLLATE utf8_general_ci DEFAULT NULL,
  PRIMARY KEY (`SCHED_NAME`,`ENTRY_ID`) USING BTREE,
  KEY `IDX_QRTZ_FT_TRIG_INST_NAME` (`SCHED_NAME`,`INSTANCE_NAME`) USING BTREE,
  KEY `IDX_QRTZ_FT_INST_JOB_REQ_RCVRY` (`SCHED_NAME`,`INSTANCE_NAME`,`REQUESTS_RECOVERY`) USING BTREE,
  KEY `IDX_QRTZ_FT_J_G` (`SCHED_NAME`,`JOB_NAME`,`JOB_GROUP`) USING BTREE,
  KEY `IDX_QRTZ_FT_JG` (`SCHED_NAME`,`JOB_GROUP`) USING BTREE,
  KEY `IDX_QRTZ_FT_T_G` (`SCHED_NAME`,`TRIGGER_NAME`,`TRIGGER_GROUP`) USING BTREE,
  KEY `IDX_QRTZ_FT_TG` (`SCHED_NAME`,`TRIGGER_GROUP`) USING BTREE
) ENGINE=InnoDB DEFAULT CHARSET=utf8mb3 ROW_FORMAT=DYNAMIC;

-- ----------------------------
-- Records of schedule_fired_triggers
-- ----------------------------
BEGIN;
COMMIT;

-- ----------------------------
-- Table structure for schedule_job_details
-- ----------------------------
DROP TABLE IF EXISTS `schedule_job_details`;
CREATE TABLE `schedule_job_details` (
  `SCHED_NAME` varchar(120) CHARACTER SET utf8 COLLATE utf8_general_ci NOT NULL,
  `JOB_NAME` varchar(200) CHARACTER SET utf8 COLLATE utf8_general_ci NOT NULL,
  `JOB_GROUP` varchar(200) CHARACTER SET utf8 COLLATE utf8_general_ci NOT NULL,
  `DESCRIPTION` varchar(250) CHARACTER SET utf8 COLLATE utf8_general_ci DEFAULT NULL,
  `JOB_CLASS_NAME` varchar(250) CHARACTER SET utf8 COLLATE utf8_general_ci NOT NULL,
  `IS_DURABLE` varchar(1) CHARACTER SET utf8 COLLATE utf8_general_ci NOT NULL,
  `IS_NONCONCURRENT` varchar(1) CHARACTER SET utf8 COLLATE utf8_general_ci NOT NULL,
  `IS_UPDATE_DATA` varchar(1) CHARACTER SET utf8 COLLATE utf8_general_ci NOT NULL,
  `REQUESTS_RECOVERY` varchar(1) CHARACTER SET utf8 COLLATE utf8_general_ci NOT NULL,
  `JOB_DATA` blob,
  PRIMARY KEY (`SCHED_NAME`,`JOB_NAME`,`JOB_GROUP`) USING BTREE,
  KEY `IDX_QRTZ_J_REQ_RECOVERY` (`SCHED_NAME`,`REQUESTS_RECOVERY`) USING BTREE,
  KEY `IDX_QRTZ_J_GRP` (`SCHED_NAME`,`JOB_GROUP`) USING BTREE
) ENGINE=InnoDB DEFAULT CHARSET=utf8mb4 COLLATE=utf8mb4_0900_ai_ci;

-- ----------------------------
-- Records of schedule_job_details
-- ----------------------------
BEGIN;
COMMIT;

-- ----------------------------
-- Table structure for schedule_locks
-- ----------------------------
DROP TABLE IF EXISTS `schedule_locks`;
CREATE TABLE `schedule_locks` (
  `SCHED_NAME` varchar(120) CHARACTER SET utf8 COLLATE utf8_general_ci NOT NULL,
  `LOCK_NAME` varchar(40) CHARACTER SET utf8 COLLATE utf8_general_ci NOT NULL,
  PRIMARY KEY (`SCHED_NAME`,`LOCK_NAME`) USING BTREE
) ENGINE=InnoDB DEFAULT CHARSET=utf8mb3 ROW_FORMAT=DYNAMIC;

-- ----------------------------
-- Records of schedule_locks
-- ----------------------------
BEGIN;
INSERT INTO `schedule_locks` (`SCHED_NAME`, `LOCK_NAME`) VALUES ('PearScheduler', 'TRIGGER_ACCESS');
COMMIT;

-- ----------------------------
-- Table structure for schedule_triggers
-- ----------------------------
DROP TABLE IF EXISTS `schedule_triggers`;
CREATE TABLE `schedule_triggers` (
  `SCHED_NAME` varchar(120) CHARACTER SET utf8 COLLATE utf8_general_ci NOT NULL,
  `TRIGGER_NAME` varchar(200) CHARACTER SET utf8 COLLATE utf8_general_ci NOT NULL,
  `TRIGGER_GROUP` varchar(200) CHARACTER SET utf8 COLLATE utf8_general_ci NOT NULL,
  `JOB_NAME` varchar(200) CHARACTER SET utf8 COLLATE utf8_general_ci NOT NULL,
  `JOB_GROUP` varchar(200) CHARACTER SET utf8 COLLATE utf8_general_ci NOT NULL,
  `DESCRIPTION` varchar(250) CHARACTER SET utf8 COLLATE utf8_general_ci DEFAULT NULL,
  `NEXT_FIRE_TIME` bigint DEFAULT NULL,
  `PREV_FIRE_TIME` bigint DEFAULT NULL,
  `PRIORITY` int DEFAULT NULL,
  `TRIGGER_STATE` varchar(16) CHARACTER SET utf8 COLLATE utf8_general_ci NOT NULL,
  `TRIGGER_TYPE` varchar(8) CHARACTER SET utf8 COLLATE utf8_general_ci NOT NULL,
  `START_TIME` bigint NOT NULL,
  `END_TIME` bigint DEFAULT NULL,
  `CALENDAR_NAME` varchar(200) CHARACTER SET utf8 COLLATE utf8_general_ci DEFAULT NULL,
  `MISFIRE_INSTR` smallint DEFAULT NULL,
  `JOB_DATA` blob,
  PRIMARY KEY (`SCHED_NAME`,`TRIGGER_NAME`,`TRIGGER_GROUP`) USING BTREE,
  KEY `IDX_QRTZ_T_J` (`SCHED_NAME`,`JOB_NAME`,`JOB_GROUP`) USING BTREE,
  KEY `IDX_QRTZ_T_JG` (`SCHED_NAME`,`JOB_GROUP`) USING BTREE,
  KEY `IDX_QRTZ_T_C` (`SCHED_NAME`,`CALENDAR_NAME`) USING BTREE,
  KEY `IDX_QRTZ_T_G` (`SCHED_NAME`,`TRIGGER_GROUP`) USING BTREE,
  KEY `IDX_QRTZ_T_STATE` (`SCHED_NAME`,`TRIGGER_STATE`) USING BTREE,
  KEY `IDX_QRTZ_T_N_STATE` (`SCHED_NAME`,`TRIGGER_NAME`,`TRIGGER_GROUP`,`TRIGGER_STATE`) USING BTREE,
  KEY `IDX_QRTZ_T_N_G_STATE` (`SCHED_NAME`,`TRIGGER_GROUP`,`TRIGGER_STATE`) USING BTREE,
  KEY `IDX_QRTZ_T_NEXT_FIRE_TIME` (`SCHED_NAME`,`NEXT_FIRE_TIME`) USING BTREE,
  KEY `IDX_QRTZ_T_NFT_ST` (`SCHED_NAME`,`TRIGGER_STATE`,`NEXT_FIRE_TIME`) USING BTREE,
  KEY `IDX_QRTZ_T_NFT_MISFIRE` (`SCHED_NAME`,`MISFIRE_INSTR`,`NEXT_FIRE_TIME`) USING BTREE,
  KEY `IDX_QRTZ_T_NFT_ST_MISFIRE` (`SCHED_NAME`,`MISFIRE_INSTR`,`NEXT_FIRE_TIME`,`TRIGGER_STATE`) USING BTREE,
  KEY `IDX_QRTZ_T_NFT_ST_MISFIRE_GRP` (`SCHED_NAME`,`MISFIRE_INSTR`,`NEXT_FIRE_TIME`,`TRIGGER_GROUP`,`TRIGGER_STATE`) USING BTREE,
  CONSTRAINT `schedule_triggers_ibfk_1` FOREIGN KEY (`SCHED_NAME`, `JOB_NAME`, `JOB_GROUP`) REFERENCES `schedule_job_details` (`SCHED_NAME`, `JOB_NAME`, `JOB_GROUP`) ON DELETE RESTRICT ON UPDATE RESTRICT
) ENGINE=InnoDB DEFAULT CHARSET=utf8mb4 COLLATE=utf8mb4_0900_ai_ci;

-- ----------------------------
-- Records of schedule_triggers
-- ----------------------------
BEGIN;
COMMIT;

-- ----------------------------
-- Table structure for sys_arrivalInfo
-- ----------------------------
DROP TABLE IF EXISTS `sys_arrivalInfo`;
CREATE TABLE `sys_arrivalInfo` (
  `arrival_info_id` char(19) DEFAULT NULL,
  `the_number_of_man` int DEFAULT '0',
  `the_number_of_woman` int DEFAULT '0',
  `under18` int DEFAULT '0',
  `the18To30` int DEFAULT '0',
  `the_number_of_people` int DEFAULT '0',
  `above61` int DEFAULT '0',
  `the31To60` int DEFAULT '0',
  `date` date DEFAULT NULL,
  `place_name` char(100) DEFAULT NULL,
  `place_id` char(19) DEFAULT NULL
) ENGINE=InnoDB DEFAULT CHARSET=utf8mb4 COLLATE=utf8mb4_0900_ai_ci;

-- ----------------------------
-- Records of sys_arrivalInfo
-- ----------------------------
BEGIN;
INSERT INTO `sys_arrivalInfo` (`arrival_info_id`, `the_number_of_man`, `the_number_of_woman`, `under18`, `the18To30`, `the_number_of_people`, `above61`, `the31To60`, `date`, `place_name`, `place_id`) VALUES ('2', 0, 0, 1, 2, 0, 0, 0, '2022-01-23', '新都懿阳羽毛球馆', NULL);
INSERT INTO `sys_arrivalInfo` (`arrival_info_id`, `the_number_of_man`, `the_number_of_woman`, `under18`, `the18To30`, `the_number_of_people`, `above61`, `the31To60`, `date`, `place_name`, `place_id`) VALUES ('1485618392613257216', 0, 3, 2, 1, 0, 0, 0, '2022-01-24', '精羽羽毛球馆', '1485486260817494016');
INSERT INTO `sys_arrivalInfo` (`arrival_info_id`, `the_number_of_man`, `the_number_of_woman`, `under18`, `the18To30`, `the_number_of_people`, `above61`, `the31To60`, `date`, `place_name`, `place_id`) VALUES ('1485620851628834816', 0, 1, 1, 0, 0, 0, 0, '2022-01-24', '新都体育场', '1485487668216201216');
INSERT INTO `sys_arrivalInfo` (`arrival_info_id`, `the_number_of_man`, `the_number_of_woman`, `under18`, `the18To30`, `the_number_of_people`, `above61`, `the31To60`, `date`, `place_name`, `place_id`) VALUES ('1485623781635391488', 0, 1, 1, 0, 0, 0, 0, '2022-01-24', '懿阳羽毛球馆', '1485610264140185600');
INSERT INTO `sys_arrivalInfo` (`arrival_info_id`, `the_number_of_man`, `the_number_of_woman`, `under18`, `the18To30`, `the_number_of_people`, `above61`, `the31To60`, `date`, `place_name`, `place_id`) VALUES ('1486306468247371776', 0, 2, 2, 0, 0, 0, 0, '2022-01-26', '新都体育场', '1485487668216201216');
INSERT INTO `sys_arrivalInfo` (`arrival_info_id`, `the_number_of_man`, `the_number_of_woman`, `under18`, `the18To30`, `the_number_of_people`, `above61`, `the31To60`, `date`, `place_name`, `place_id`) VALUES ('1486308738393440256', 0, 3, 3, 0, 0, 0, 0, '2022-01-26', '精羽羽毛球馆', '1485486260817494016');
INSERT INTO `sys_arrivalInfo` (`arrival_info_id`, `the_number_of_man`, `the_number_of_woman`, `under18`, `the18To30`, `the_number_of_people`, `above61`, `the31To60`, `date`, `place_name`, `place_id`) VALUES ('1487019731415203840', 0, 2, 2, 0, 0, 0, 0, '2022-01-28', '精羽羽毛球馆', '1485486260817494016');
COMMIT;

-- ----------------------------
-- Table structure for sys_arrivalUserInfo
-- ----------------------------
DROP TABLE IF EXISTS `sys_arrivalUserInfo`;
CREATE TABLE `sys_arrivalUserInfo` (
  `arrival_user_info_id` char(19) DEFAULT NULL,
  `arrival_info_id` char(19) DEFAULT NULL,
  `user_id` char(19) DEFAULT NULL
) ENGINE=InnoDB DEFAULT CHARSET=utf8mb4 COLLATE=utf8mb4_0900_ai_ci;

-- ----------------------------
-- Records of sys_arrivalUserInfo
-- ----------------------------
BEGIN;
COMMIT;

-- ----------------------------
-- Table structure for sys_config
-- ----------------------------
DROP TABLE IF EXISTS `sys_config`;
CREATE TABLE `sys_config` (
  `config_id` varchar(19) CHARACTER SET utf8mb4 COLLATE utf8mb4_0900_ai_ci NOT NULL COMMENT '配置标识',
  `config_name` char(20) CHARACTER SET utf8mb4 COLLATE utf8mb4_0900_ai_ci DEFAULT NULL COMMENT '配置名称',
  `config_code` char(20) CHARACTER SET utf8mb4 COLLATE utf8mb4_0900_ai_ci DEFAULT NULL COMMENT '配置标识',
  `config_value` varchar(255) CHARACTER SET utf8mb4 COLLATE utf8mb4_0900_ai_ci DEFAULT NULL COMMENT '配置值',
  `create_time` datetime DEFAULT NULL COMMENT '创建时间',
  `create_by` char(20) CHARACTER SET utf8mb4 COLLATE utf8mb4_0900_ai_ci DEFAULT NULL COMMENT '创建人',
  `update_by` char(1) CHARACTER SET utf8mb4 COLLATE utf8mb4_0900_ai_ci DEFAULT NULL COMMENT '修改人',
  `update_time` datetime DEFAULT NULL COMMENT '修改时间',
  `remark` varchar(255) CHARACTER SET utf8mb4 COLLATE utf8mb4_0900_ai_ci DEFAULT NULL COMMENT '备注',
  `config_type` char(10) CHARACTER SET utf8mb4 COLLATE utf8mb4_0900_ai_ci DEFAULT NULL COMMENT '配置类型',
  PRIMARY KEY (`config_id`) USING BTREE
) ENGINE=InnoDB DEFAULT CHARSET=utf8mb4 COLLATE=utf8mb4_0900_ai_ci ROW_FORMAT=DYNAMIC;

-- ----------------------------
-- Records of sys_config
-- ----------------------------
BEGIN;
INSERT INTO `sys_config` (`config_id`, `config_name`, `config_code`, `config_value`, `create_time`, `create_by`, `update_by`, `update_time`, `remark`, `config_type`) VALUES ('1', '1', 'oss_point', 'oss-cn-beijing.aliyuncs.com', NULL, NULL, NULL, NULL, NULL, NULL);
INSERT INTO `sys_config` (`config_id`, `config_name`, `config_code`, `config_value`, `create_time`, `create_by`, `update_by`, `update_time`, `remark`, `config_type`) VALUES ('1307313917164257280', '网站描述', 'system_desc', '网站描述', '2020-11-08 19:19:32', NULL, NULL, NULL, '网站描述', 'custom');
INSERT INTO `sys_config` (`config_id`, `config_name`, `config_code`, `config_value`, `create_time`, `create_by`, `update_by`, `update_time`, `remark`, `config_type`) VALUES ('1309118169381601280', '网站数据', 'system_meta', '网站数据', '2020-11-03 19:20:48', NULL, NULL, NULL, '网站数据', 'custom');
INSERT INTO `sys_config` (`config_id`, `config_name`, `config_code`, `config_value`, `create_time`, `create_by`, `update_by`, `update_time`, `remark`, `config_type`) VALUES ('1356140265433202688', '系统配置', 'main_from', '845391508@qq.com', NULL, NULL, NULL, NULL, NULL, 'system');
INSERT INTO `sys_config` (`config_id`, `config_name`, `config_code`, `config_value`, `create_time`, `create_by`, `update_by`, `update_time`, `remark`, `config_type`) VALUES ('1356140265865216000', '系统配置', 'main_user', '运动场所管理平台', NULL, NULL, NULL, NULL, NULL, 'system');
INSERT INTO `sys_config` (`config_id`, `config_name`, `config_code`, `config_value`, `create_time`, `create_by`, `update_by`, `update_time`, `remark`, `config_type`) VALUES ('1356140266297229312', '系统配置', 'main_pass', '192.168.0.103', NULL, NULL, NULL, NULL, NULL, 'system');
INSERT INTO `sys_config` (`config_id`, `config_name`, `config_code`, `config_value`, `create_time`, `create_by`, `update_by`, `update_time`, `remark`, `config_type`) VALUES ('1356140266754408448', '系统配置', 'main_port', '587', NULL, NULL, NULL, NULL, NULL, 'system');
INSERT INTO `sys_config` (`config_id`, `config_name`, `config_code`, `config_value`, `create_time`, `create_by`, `update_by`, `update_time`, `remark`, `config_type`) VALUES ('1356140267211587584', '系统配置', 'main_host', 'smtp.qq.com', NULL, NULL, NULL, NULL, NULL, 'system');
INSERT INTO `sys_config` (`config_id`, `config_name`, `config_code`, `config_value`, `create_time`, `create_by`, `update_by`, `update_time`, `remark`, `config_type`) VALUES ('1356178612746715136', '系统配置', 'oss_path', 'D://upload', NULL, NULL, NULL, NULL, NULL, 'system');
INSERT INTO `sys_config` (`config_id`, `config_name`, `config_code`, `config_value`, `create_time`, `create_by`, `update_by`, `update_time`, `remark`, `config_type`) VALUES ('1356178613115813888', '系统配置', 'oss_type', 'local', NULL, NULL, NULL, NULL, NULL, 'system');
INSERT INTO `sys_config` (`config_id`, `config_name`, `config_code`, `config_value`, `create_time`, `create_by`, `update_by`, `update_time`, `remark`, `config_type`) VALUES ('1370975131278508032', '上传方式', 'upload_kind', NULL, NULL, NULL, NULL, NULL, NULL, 'system');
INSERT INTO `sys_config` (`config_id`, `config_name`, `config_code`, `config_value`, `create_time`, `create_by`, `update_by`, `update_time`, `remark`, `config_type`) VALUES ('1370975131630829568', '上传路径', 'upload_path', NULL, NULL, NULL, NULL, NULL, NULL, 'system');
INSERT INTO `sys_config` (`config_id`, `config_name`, `config_code`, `config_value`, `create_time`, `create_by`, `update_by`, `update_time`, `remark`, `config_type`) VALUES ('1485252407238590464', '主机地址', 'local_add', '192.168.0.103:8081', NULL, NULL, NULL, NULL, NULL, 'system');
INSERT INTO `sys_config` (`config_id`, `config_name`, `config_code`, `config_value`, `create_time`, `create_by`, `update_by`, `update_time`, `remark`, `config_type`) VALUES ('2', '2', 'oss_key', 'LTAI4G8ZDXDU6DiibSVd8G2b', NULL, NULL, NULL, NULL, NULL, NULL);
INSERT INTO `sys_config` (`config_id`, `config_name`, `config_code`, `config_value`, `create_time`, `create_by`, `update_by`, `update_time`, `remark`, `config_type`) VALUES ('3', '3', 'oss_secret', '9apyAWE7Xfu7NP5jgFHFdXeyPa28jL', NULL, NULL, NULL, NULL, NULL, NULL);
INSERT INTO `sys_config` (`config_id`, `config_name`, `config_code`, `config_value`, `create_time`, `create_by`, `update_by`, `update_time`, `remark`, `config_type`) VALUES ('4', '4', 'oss_bucket', 'pearadmin-bbs', NULL, NULL, NULL, NULL, NULL, NULL);
COMMIT;

-- ----------------------------
-- Table structure for sys_dept
-- ----------------------------
DROP TABLE IF EXISTS `sys_dept`;
CREATE TABLE `sys_dept` (
  `dept_id` varchar(20) CHARACTER SET utf8mb4 COLLATE utf8mb4_0900_ai_ci NOT NULL COMMENT '部门名称',
  `parent_id` varchar(20) CHARACTER SET utf8mb4 COLLATE utf8mb4_0900_ai_ci DEFAULT NULL COMMENT '父级编号',
  `dept_name` varchar(50) CHARACTER SET utf8mb4 COLLATE utf8mb4_0900_ai_ci DEFAULT NULL COMMENT '部门名称',
  `sort` int DEFAULT NULL COMMENT '排序',
  `leader` varchar(50) CHARACTER SET utf8mb4 COLLATE utf8mb4_0900_ai_ci DEFAULT NULL COMMENT '负责人',
  `phone` varchar(20) CHARACTER SET utf8mb4 COLLATE utf8mb4_0900_ai_ci DEFAULT NULL COMMENT '联系方式',
  `email` varchar(50) CHARACTER SET utf8mb4 COLLATE utf8mb4_0900_ai_ci DEFAULT NULL COMMENT '邮箱',
  `status` varchar(1) CHARACTER SET utf8mb4 COLLATE utf8mb4_0900_ai_ci DEFAULT NULL COMMENT '部门状态',
  `create_by` varchar(20) CHARACTER SET utf8mb4 COLLATE utf8mb4_0900_ai_ci DEFAULT NULL COMMENT '创建人',
  `create_time` datetime DEFAULT NULL COMMENT '创建时间',
  `update_by` varchar(20) CHARACTER SET utf8mb4 COLLATE utf8mb4_0900_ai_ci DEFAULT NULL COMMENT '修改人',
  `update_time` datetime DEFAULT NULL COMMENT '修改时间',
  `remark` text CHARACTER SET utf8mb4 COLLATE utf8mb4_0900_ai_ci COMMENT '备注',
  `address` varchar(255) CHARACTER SET utf8mb4 COLLATE utf8mb4_0900_ai_ci DEFAULT NULL COMMENT '详细地址',
  PRIMARY KEY (`dept_id`) USING BTREE
) ENGINE=InnoDB DEFAULT CHARSET=utf8mb4 COLLATE=utf8mb4_0900_ai_ci ROW_FORMAT=DYNAMIC;

-- ----------------------------
-- Records of sys_dept
-- ----------------------------
BEGIN;
INSERT INTO `sys_dept` (`dept_id`, `parent_id`, `dept_name`, `sort`, `leader`, `phone`, `email`, `status`, `create_by`, `create_time`, `update_by`, `update_time`, `remark`, `address`) VALUES ('1480151210588635136', '0', '市体育局', 1, '赵兴', '13558724972', '845391508@qq.com', '0', NULL, NULL, NULL, NULL, NULL, '四川省成都市新都区');
INSERT INTO `sys_dept` (`dept_id`, `parent_id`, `dept_name`, `sort`, `leader`, `phone`, `email`, `status`, `create_by`, `create_time`, `update_by`, `update_time`, `remark`, `address`) VALUES ('1480154314172268544', '1480151210588635136', '新都区体育局', 2, '王局长', '13558724972', '845391508@qq.com', '0', NULL, NULL, NULL, NULL, NULL, '四川省成都市新都区');
INSERT INTO `sys_dept` (`dept_id`, `parent_id`, `dept_name`, `sort`, `leader`, `phone`, `email`, `status`, `create_by`, `create_time`, `update_by`, `update_time`, `remark`, `address`) VALUES ('1480154602555834368', '1480151210588635136', '武侯区体育局', 2, '张局长', '13558724972', '845391508@qq.com', '0', NULL, NULL, NULL, NULL, NULL, '四川省成都市武侯区');
INSERT INTO `sys_dept` (`dept_id`, `parent_id`, `dept_name`, `sort`, `leader`, `phone`, `email`, `status`, `create_by`, `create_time`, `update_by`, `update_time`, `remark`, `address`) VALUES ('1480154737801166848', '1480151210588635136', '金牛区体育局', 2, '赵局长', '13558724972', '845391508@qq.com', '0', NULL, NULL, NULL, NULL, NULL, '四川省成都市金牛区');
INSERT INTO `sys_dept` (`dept_id`, `parent_id`, `dept_name`, `sort`, `leader`, `phone`, `email`, `status`, `create_by`, `create_time`, `update_by`, `update_time`, `remark`, `address`) VALUES ('1480154833880088576', '1480151210588635136', '锦江区体育局', 2, '罗局长', '13558724972', '845391508@qq.com', '0', NULL, NULL, NULL, NULL, NULL, '四川省成都市锦江区');
COMMIT;

-- ----------------------------
-- Table structure for sys_dict_data
-- ----------------------------
DROP TABLE IF EXISTS `sys_dict_data`;
CREATE TABLE `sys_dict_data` (
  `data_id` char(19) CHARACTER SET utf8mb4 COLLATE utf8mb4_0900_ai_ci NOT NULL COMMENT '标识',
  `data_label` char(19) CHARACTER SET utf8mb4 COLLATE utf8mb4_0900_ai_ci DEFAULT NULL COMMENT '字典标签',
  `data_value` char(20) CHARACTER SET utf8mb4 COLLATE utf8mb4_0900_ai_ci DEFAULT NULL COMMENT '字典值',
  `type_code` char(20) CHARACTER SET utf8mb4 COLLATE utf8mb4_0900_ai_ci DEFAULT NULL COMMENT '所属类型',
  `is_default` char(1) CHARACTER SET utf8mb4 COLLATE utf8mb4_0900_ai_ci DEFAULT NULL COMMENT '是否默认',
  `update_by` char(19) CHARACTER SET utf8mb4 COLLATE utf8mb4_0900_ai_ci DEFAULT NULL COMMENT '修改人',
  `update_time` datetime DEFAULT NULL COMMENT '修改时间',
  `create_by` varchar(255) CHARACTER SET utf8mb4 COLLATE utf8mb4_0900_ai_ci DEFAULT NULL COMMENT '创建人',
  `create_time` datetime DEFAULT NULL COMMENT '创建时间',
  `remark` varchar(255) CHARACTER SET utf8mb4 COLLATE utf8mb4_0900_ai_ci DEFAULT NULL COMMENT '备注',
  `enable` char(1) CHARACTER SET utf8mb4 COLLATE utf8mb4_0900_ai_ci DEFAULT NULL COMMENT '是否启用',
  PRIMARY KEY (`data_id`) USING BTREE
) ENGINE=InnoDB DEFAULT CHARSET=utf8mb4 COLLATE=utf8mb4_0900_ai_ci ROW_FORMAT=DYNAMIC;

-- ----------------------------
-- Records of sys_dict_data
-- ----------------------------
BEGIN;
INSERT INTO `sys_dict_data` (`data_id`, `data_label`, `data_value`, `type_code`, `is_default`, `update_by`, `update_time`, `create_by`, `create_time`, `remark`, `enable`) VALUES ('1', '男', '0', 'system_user_sex', '0', NULL, NULL, NULL, NULL, '描述', '1');
INSERT INTO `sys_dict_data` (`data_id`, `data_label`, `data_value`, `type_code`, `is_default`, `update_by`, `update_time`, `create_by`, `create_time`, `remark`, `enable`) VALUES ('1302833449496739840', '字典名称', '字典值', 'dict_code', '1', NULL, NULL, NULL, NULL, 'aw', '0');
INSERT INTO `sys_dict_data` (`data_id`, `data_label`, `data_value`, `type_code`, `is_default`, `update_by`, `update_time`, `create_by`, `create_time`, `remark`, `enable`) VALUES ('1317401149287956480', '男', 'boy', 'user_sex', NULL, NULL, NULL, NULL, NULL, '男 : body', '0');
INSERT INTO `sys_dict_data` (`data_id`, `data_label`, `data_value`, `type_code`, `is_default`, `update_by`, `update_time`, `create_by`, `create_time`, `remark`, `enable`) VALUES ('1317402976670711808', '女', 'girl', 'user_sex', NULL, NULL, NULL, NULL, NULL, '女 : girl', '0');
INSERT INTO `sys_dict_data` (`data_id`, `data_label`, `data_value`, `type_code`, `is_default`, `update_by`, `update_time`, `create_by`, `create_time`, `remark`, `enable`) VALUES ('1370411072367886336', '公告', 'public', 'sys_notice_type', NULL, NULL, NULL, NULL, NULL, '公告', '0');
INSERT INTO `sys_dict_data` (`data_id`, `data_label`, `data_value`, `type_code`, `is_default`, `update_by`, `update_time`, `create_by`, `create_time`, `remark`, `enable`) VALUES ('1370411179544936448', '私信', 'private', 'sys_notice_type', NULL, NULL, NULL, NULL, NULL, '私信', '0');
INSERT INTO `sys_dict_data` (`data_id`, `data_label`, `data_value`, `type_code`, `is_default`, `update_by`, `update_time`, `create_by`, `create_time`, `remark`, `enable`) VALUES ('1387076909438861312', '短信', 'smmm', 'sys_notice_type', NULL, NULL, NULL, NULL, NULL, NULL, '0');
INSERT INTO `sys_dict_data` (`data_id`, `data_label`, `data_value`, `type_code`, `is_default`, `update_by`, `update_time`, `create_by`, `create_time`, `remark`, `enable`) VALUES ('2', '女', '1', 'system_user_sex', '1', NULL, NULL, NULL, NULL, '描述', '0');
INSERT INTO `sys_dict_data` (`data_id`, `data_label`, `data_value`, `type_code`, `is_default`, `update_by`, `update_time`, `create_by`, `create_time`, `remark`, `enable`) VALUES ('447572898392182784', 'awd', 'awd', 'dict_code', '1', NULL, NULL, NULL, NULL, 'awd', '0');
COMMIT;

-- ----------------------------
-- Table structure for sys_dict_type
-- ----------------------------
DROP TABLE IF EXISTS `sys_dict_type`;
CREATE TABLE `sys_dict_type` (
  `id` char(19) CHARACTER SET utf8mb4 COLLATE utf8mb4_0900_ai_ci NOT NULL COMMENT '标识',
  `type_name` varchar(255) CHARACTER SET utf8mb4 COLLATE utf8mb4_0900_ai_ci DEFAULT NULL COMMENT '字典类型名称',
  `type_code` varchar(255) CHARACTER SET utf8mb4 COLLATE utf8mb4_0900_ai_ci DEFAULT NULL COMMENT '字典类型标识',
  `description` varchar(255) CHARACTER SET utf8mb4 COLLATE utf8mb4_0900_ai_ci DEFAULT NULL COMMENT '字典类型描述',
  `enable` char(1) CHARACTER SET utf8mb4 COLLATE utf8mb4_0900_ai_ci DEFAULT NULL COMMENT '是否启用',
  `create_by` char(19) CHARACTER SET utf8mb4 COLLATE utf8mb4_0900_ai_ci DEFAULT NULL COMMENT '创建人',
  `create_time` datetime DEFAULT NULL COMMENT '创建时间',
  `update_by` char(19) CHARACTER SET utf8mb4 COLLATE utf8mb4_0900_ai_ci DEFAULT NULL COMMENT '修改人',
  `update_time` datetime DEFAULT NULL COMMENT '修改时间',
  `remark` varchar(255) CHARACTER SET utf8mb4 COLLATE utf8mb4_0900_ai_ci DEFAULT NULL COMMENT '备注',
  PRIMARY KEY (`id`) USING BTREE
) ENGINE=InnoDB DEFAULT CHARSET=utf8mb4 COLLATE=utf8mb4_0900_ai_ci ROW_FORMAT=DYNAMIC;

-- ----------------------------
-- Records of sys_dict_type
-- ----------------------------
BEGIN;
INSERT INTO `sys_dict_type` (`id`, `type_name`, `type_code`, `description`, `enable`, `create_by`, `create_time`, `update_by`, `update_time`, `remark`) VALUES ('1317360314219495424', '登录类型', 'sys_notice_type', '登录类型', '0', NULL, NULL, NULL, NULL, NULL);
INSERT INTO `sys_dict_type` (`id`, `type_name`, `type_code`, `description`, `enable`, `create_by`, `create_time`, `update_by`, `update_time`, `remark`) VALUES ('1317400519127334912', '用户类型', 'user_status', '用户类型', '0', NULL, NULL, NULL, NULL, NULL);
INSERT INTO `sys_dict_type` (`id`, `type_name`, `type_code`, `description`, `enable`, `create_by`, `create_time`, `update_by`, `update_time`, `remark`) VALUES ('1317400823096934400', '配置类型', 'config_type', '配置类型', '0', NULL, NULL, NULL, NULL, NULL);
INSERT INTO `sys_dict_type` (`id`, `type_name`, `type_code`, `description`, `enable`, `create_by`, `create_time`, `update_by`, `update_time`, `remark`) VALUES ('1370410853110644736', '消息类型', 'sys_notice_type', '消息类型', '0', NULL, NULL, NULL, NULL, NULL);
INSERT INTO `sys_dict_type` (`id`, `type_name`, `type_code`, `description`, `enable`, `create_by`, `create_time`, `update_by`, `update_time`, `remark`) VALUES ('455184568505470976', '用户性别', 'user_sex', '用户性别', '0', NULL, NULL, NULL, NULL, NULL);
INSERT INTO `sys_dict_type` (`id`, `type_name`, `type_code`, `description`, `enable`, `create_by`, `create_time`, `update_by`, `update_time`, `remark`) VALUES ('455184935989415936', '全局状态', 'sys_status', '状态描述\n', '0', NULL, NULL, NULL, NULL, NULL);
COMMIT;

-- ----------------------------
-- Table structure for sys_file
-- ----------------------------
DROP TABLE IF EXISTS `sys_file`;
CREATE TABLE `sys_file` (
  `id` varchar(255) CHARACTER SET utf8mb4 COLLATE utf8mb4_0900_ai_ci NOT NULL COMMENT '标识',
  `file_name` varchar(255) CHARACTER SET utf8mb4 COLLATE utf8mb4_0900_ai_ci DEFAULT NULL COMMENT '文件名称',
  `file_desc` varchar(255) CHARACTER SET utf8mb4 COLLATE utf8mb4_0900_ai_ci DEFAULT NULL COMMENT '文件描述',
  `file_path` varchar(255) CHARACTER SET utf8mb4 COLLATE utf8mb4_0900_ai_ci DEFAULT NULL COMMENT '文件路径',
  `file_type` varchar(255) CHARACTER SET utf8mb4 COLLATE utf8mb4_0900_ai_ci DEFAULT NULL COMMENT '文件类型',
  `create_by` varchar(255) CHARACTER SET utf8mb4 COLLATE utf8mb4_0900_ai_ci DEFAULT NULL COMMENT '创建人',
  `create_time` datetime DEFAULT NULL COMMENT '创建时间',
  `update_by` varchar(255) CHARACTER SET utf8mb4 COLLATE utf8mb4_0900_ai_ci DEFAULT NULL COMMENT '修改人',
  `update_time` datetime DEFAULT NULL COMMENT '修改时间',
  `remark` varchar(255) CHARACTER SET utf8mb4 COLLATE utf8mb4_0900_ai_ci DEFAULT NULL COMMENT '备注',
  `target_date` datetime DEFAULT NULL COMMENT '所属时间',
  `file_size` varchar(255) CHARACTER SET utf8mb4 COLLATE utf8mb4_0900_ai_ci DEFAULT NULL COMMENT '文件大小',
  PRIMARY KEY (`id`) USING BTREE
) ENGINE=InnoDB DEFAULT CHARSET=utf8mb4 COLLATE=utf8mb4_0900_ai_ci ROW_FORMAT=DYNAMIC;

-- ----------------------------
-- Records of sys_file
-- ----------------------------
BEGIN;
COMMIT;

-- ----------------------------
-- Table structure for sys_logging
-- ----------------------------
DROP TABLE IF EXISTS `sys_logging`;
CREATE TABLE `sys_logging` (
  `id` char(19) CHARACTER SET utf8mb4 COLLATE utf8mb4_0900_ai_ci NOT NULL COMMENT '相应消息体',
  `title` varchar(255) CHARACTER SET utf8mb4 COLLATE utf8mb4_0900_ai_ci DEFAULT NULL COMMENT '标题',
  `method` varchar(255) CHARACTER SET utf8mb4 COLLATE utf8mb4_0900_ai_ci DEFAULT NULL COMMENT '请求方式',
  `business_type` varchar(255) CHARACTER SET utf8mb4 COLLATE utf8mb4_0900_ai_ci DEFAULT NULL COMMENT '业务类型',
  `request_method` varchar(255) CHARACTER SET utf8mb4 COLLATE utf8mb4_0900_ai_ci DEFAULT NULL COMMENT '请求方法',
  `operate_name` varchar(255) CHARACTER SET utf8mb4 COLLATE utf8mb4_0900_ai_ci DEFAULT NULL COMMENT '操作人',
  `operate_url` varchar(255) CHARACTER SET utf8mb4 COLLATE utf8mb4_0900_ai_ci DEFAULT NULL COMMENT '操作路径',
  `operate_address` varchar(255) CHARACTER SET utf8mb4 COLLATE utf8mb4_0900_ai_ci DEFAULT NULL COMMENT '操作地址',
  `request_param` varchar(255) CHARACTER SET utf8mb4 COLLATE utf8mb4_0900_ai_ci DEFAULT NULL COMMENT '请求参数',
  `response_body` varchar(255) CHARACTER SET utf8mb4 COLLATE utf8mb4_0900_ai_ci DEFAULT NULL COMMENT '相应消息体',
  `success` varchar(255) CHARACTER SET utf8mb4 COLLATE utf8mb4_0900_ai_ci DEFAULT NULL COMMENT '是否成功',
  `error_msg` text CHARACTER SET utf8mb4 COLLATE utf8mb4_0900_ai_ci COMMENT '异常信息',
  `create_time` datetime DEFAULT NULL COMMENT '创建时间',
  `description` varchar(255) CHARACTER SET utf8mb4 COLLATE utf8mb4_0900_ai_ci DEFAULT NULL COMMENT '描述',
  `request_body` varchar(255) CHARACTER SET utf8mb4 COLLATE utf8mb4_0900_ai_ci DEFAULT NULL COMMENT '请求消息体',
  `browser` varchar(255) CHARACTER SET utf8mb4 COLLATE utf8mb4_0900_ai_ci DEFAULT NULL COMMENT '使用浏览器',
  `system_os` varchar(255) CHARACTER SET utf8mb4 COLLATE utf8mb4_0900_ai_ci DEFAULT NULL COMMENT '操作系统',
  `logging_type` varchar(10) CHARACTER SET utf8mb4 COLLATE utf8mb4_0900_ai_ci DEFAULT NULL COMMENT '日志类型，登录日志，操作日志',
  PRIMARY KEY (`id`) USING BTREE
) ENGINE=InnoDB DEFAULT CHARSET=utf8mb4 COLLATE=utf8mb4_0900_ai_ci ROW_FORMAT=DYNAMIC;

-- ----------------------------
-- Records of sys_logging
-- ----------------------------
BEGIN;
INSERT INTO `sys_logging` (`id`, `title`, `method`, `business_type`, `request_method`, `operate_name`, `operate_url`, `operate_address`, `request_param`, `response_body`, `success`, `error_msg`, `create_time`, `description`, `request_body`, `browser`, `system_os`, `logging_type`) VALUES ('1488365107233685504', '视频页面', '/system/place/video', 'QUERY', 'GET', '未登录用户', '/system/place/video', '182.138.97.196', NULL, NULL, '1', NULL, '2022-02-01 12:14:29', '视频页面', NULL, '谷歌浏览器', 'Mac', 'OPERATE');
INSERT INTO `sys_logging` (`id`, `title`, `method`, `business_type`, `request_method`, `operate_name`, `operate_url`, `operate_address`, `request_param`, `response_body`, `success`, `error_msg`, `create_time`, `description`, `request_body`, `browser`, `system_os`, `logging_type`) VALUES ('1488365306123386880', '视频页面', '/system/place/video', 'QUERY', 'GET', '未登录用户', '/system/place/video', '182.138.97.196', NULL, NULL, '1', NULL, '2022-02-01 12:15:16', '视频页面', NULL, '谷歌浏览器', 'Mac', 'OPERATE');
INSERT INTO `sys_logging` (`id`, `title`, `method`, `business_type`, `request_method`, `operate_name`, `operate_url`, `operate_address`, `request_param`, `response_body`, `success`, `error_msg`, `create_time`, `description`, `request_body`, `browser`, `system_os`, `logging_type`) VALUES ('1488396950192521216', '视频页面', '/system/place/video', 'QUERY', 'GET', '未登录用户', '/system/place/video', '182.138.97.196', NULL, NULL, '1', NULL, '2022-02-01 14:21:01', '视频页面', NULL, '谷歌浏览器', 'Mac', 'OPERATE');
INSERT INTO `sys_logging` (`id`, `title`, `method`, `business_type`, `request_method`, `operate_name`, `operate_url`, `operate_address`, `request_param`, `response_body`, `success`, `error_msg`, `create_time`, `description`, `request_body`, `browser`, `system_os`, `logging_type`) VALUES ('1488538466709929984', '视频页面', '/system/place/video', 'QUERY', 'GET', '未登录用户', '/system/place/video', '182.138.97.196', NULL, NULL, '1', NULL, '2022-02-01 23:43:21', '视频页面', NULL, '你用啥浏览器', 'Mac', 'OPERATE');
INSERT INTO `sys_logging` (`id`, `title`, `method`, `business_type`, `request_method`, `operate_name`, `operate_url`, `operate_address`, `request_param`, `response_body`, `success`, `error_msg`, `create_time`, `description`, `request_body`, `browser`, `system_os`, `logging_type`) VALUES ('1488788923831287808', '视频页面', '/system/place/video', 'QUERY', 'GET', '未登录用户', '/system/place/video', '171.210.186.35', NULL, NULL, '1', NULL, '2022-02-02 16:18:34', '视频页面', NULL, '你用啥浏览器', 'Mac', 'OPERATE');
INSERT INTO `sys_logging` (`id`, `title`, `method`, `business_type`, `request_method`, `operate_name`, `operate_url`, `operate_address`, `request_param`, `response_body`, `success`, `error_msg`, `create_time`, `description`, `request_body`, `browser`, `system_os`, `logging_type`) VALUES ('1489280638937726976', '视频页面', '/system/place/video', 'QUERY', 'GET', '未登录用户', '/system/place/video', '171.92.171.74', NULL, NULL, '1', NULL, '2022-02-04 00:52:28', '视频页面', NULL, '你用啥浏览器', 'Mac', 'OPERATE');
INSERT INTO `sys_logging` (`id`, `title`, `method`, `business_type`, `request_method`, `operate_name`, `operate_url`, `operate_address`, `request_param`, `response_body`, `success`, `error_msg`, `create_time`, `description`, `request_body`, `browser`, `system_os`, `logging_type`) VALUES ('1489280644147052544', '视频页面', '/system/place/video', 'QUERY', 'GET', '未登录用户', '/system/place/video', '171.92.171.74', NULL, NULL, '1', NULL, '2022-02-04 00:52:30', '视频页面', NULL, '你用啥浏览器', 'Mac', 'OPERATE');
INSERT INTO `sys_logging` (`id`, `title`, `method`, `business_type`, `request_method`, `operate_name`, `operate_url`, `operate_address`, `request_param`, `response_body`, `success`, `error_msg`, `create_time`, `description`, `request_body`, `browser`, `system_os`, `logging_type`) VALUES ('1489416293894324224', '视频页面', '/system/place/video', 'QUERY', 'GET', '未登录用户', '/system/place/video', '222.209.37.26', NULL, NULL, '1', NULL, '2022-02-04 09:51:31', '视频页面', NULL, '你用啥浏览器', 'Mac', 'OPERATE');
INSERT INTO `sys_logging` (`id`, `title`, `method`, `business_type`, `request_method`, `operate_name`, `operate_url`, `operate_address`, `request_param`, `response_body`, `success`, `error_msg`, `create_time`, `description`, `request_body`, `browser`, `system_os`, `logging_type`) VALUES ('1489466757138612224', '视频页面', '/system/place/video', 'QUERY', 'GET', '未登录用户', '/system/place/video', '222.209.37.26', NULL, NULL, '1', NULL, '2022-02-04 13:12:03', '视频页面', NULL, '谷歌浏览器', 'Mac', 'OPERATE');
INSERT INTO `sys_logging` (`id`, `title`, `method`, `business_type`, `request_method`, `operate_name`, `operate_url`, `operate_address`, `request_param`, `response_body`, `success`, `error_msg`, `create_time`, `description`, `request_body`, `browser`, `system_os`, `logging_type`) VALUES ('1489619987764084736', '视频页面', '/system/place/video', 'QUERY', 'GET', '未登录用户', '/system/place/video', '222.209.37.26', NULL, NULL, '1', NULL, '2022-02-04 23:20:56', '视频页面', NULL, '你用啥浏览器', 'Mac', 'OPERATE');
INSERT INTO `sys_logging` (`id`, `title`, `method`, `business_type`, `request_method`, `operate_name`, `operate_url`, `operate_address`, `request_param`, `response_body`, `success`, `error_msg`, `create_time`, `description`, `request_body`, `browser`, `system_os`, `logging_type`) VALUES ('1492280607361728512', '视频页面', '/system/place/video', 'QUERY', 'GET', '未登录用户', '/system/place/video', '139.207.27.161', NULL, NULL, '1', NULL, '2022-02-12 07:33:17', '视频页面', NULL, '你用啥浏览器', 'Mac', 'OPERATE');
INSERT INTO `sys_logging` (`id`, `title`, `method`, `business_type`, `request_method`, `operate_name`, `operate_url`, `operate_address`, `request_param`, `response_body`, `success`, `error_msg`, `create_time`, `description`, `request_body`, `browser`, `system_os`, `logging_type`) VALUES ('1492459604435533824', '视频页面', '/system/place/video', 'QUERY', 'GET', '未登录用户', '/system/place/video', '139.207.27.161', NULL, NULL, '1', NULL, '2022-02-12 19:24:33', '视频页面', NULL, '你用啥浏览器', 'Mac', 'OPERATE');
INSERT INTO `sys_logging` (`id`, `title`, `method`, `business_type`, `request_method`, `operate_name`, `operate_url`, `operate_address`, `request_param`, `response_body`, `success`, `error_msg`, `create_time`, `description`, `request_body`, `browser`, `system_os`, `logging_type`) VALUES ('1493109879232004096', '视频页面', '/system/place/video', 'QUERY', 'GET', '未登录用户', '/system/place/video', '171.210.70.79', NULL, NULL, '1', NULL, '2022-02-14 14:28:31', '视频页面', NULL, '你用啥浏览器', 'Mac', 'OPERATE');
INSERT INTO `sys_logging` (`id`, `title`, `method`, `business_type`, `request_method`, `operate_name`, `operate_url`, `operate_address`, `request_param`, `response_body`, `success`, `error_msg`, `create_time`, `description`, `request_body`, `browser`, `system_os`, `logging_type`) VALUES ('1493121472468615168', '视频页面', '/system/place/video', 'QUERY', 'GET', '未登录用户', '/system/place/video', '139.207.27.161', NULL, NULL, '1', NULL, '2022-02-14 15:14:35', '视频页面', NULL, '你用啥浏览器', 'Mac', 'OPERATE');
INSERT INTO `sys_logging` (`id`, `title`, `method`, `business_type`, `request_method`, `operate_name`, `operate_url`, `operate_address`, `request_param`, `response_body`, `success`, `error_msg`, `create_time`, `description`, `request_body`, `browser`, `system_os`, `logging_type`) VALUES ('1494654315732664320', '视频页面', '/system/place/video', 'QUERY', 'GET', '未登录用户', '/system/place/video', '182.144.119.209', NULL, NULL, '1', NULL, '2022-02-18 20:45:33', '视频页面', NULL, '你用啥浏览器', 'Mac', 'OPERATE');
INSERT INTO `sys_logging` (`id`, `title`, `method`, `business_type`, `request_method`, `operate_name`, `operate_url`, `operate_address`, `request_param`, `response_body`, `success`, `error_msg`, `create_time`, `description`, `request_body`, `browser`, `system_os`, `logging_type`) VALUES ('1494692721053401088', '视频页面', '/system/place/video', 'QUERY', 'GET', '未登录用户', '/system/place/video', '222.212.6.94', NULL, NULL, '1', NULL, '2022-02-18 23:18:09', '视频页面', NULL, '你用啥浏览器', 'Mac', 'OPERATE');
COMMIT;

-- ----------------------------
-- Table structure for sys_mail
-- ----------------------------
DROP TABLE IF EXISTS `sys_mail`;
CREATE TABLE `sys_mail` (
  `mail_id` varchar(20) CHARACTER SET utf8mb4 COLLATE utf8mb4_0900_ai_ci NOT NULL COMMENT '邮件id(主键)',
  `receiver` varchar(1024) CHARACTER SET utf8mb4 COLLATE utf8mb4_0900_ai_ci NOT NULL DEFAULT '0' COMMENT '收件人邮箱',
  `subject` varchar(128) CHARACTER SET utf8mb4 COLLATE utf8mb4_0900_ai_ci DEFAULT NULL COMMENT '邮件主体',
  `content` text CHARACTER SET utf8mb4 COLLATE utf8mb4_0900_ai_ci NOT NULL COMMENT '邮件正文',
  `create_by` varchar(16) CHARACTER SET utf8mb4 COLLATE utf8mb4_0900_ai_ci DEFAULT NULL COMMENT '发送人',
  `create_time` datetime NOT NULL DEFAULT CURRENT_TIMESTAMP COMMENT '创建时间',
  PRIMARY KEY (`mail_id`) USING BTREE
) ENGINE=InnoDB DEFAULT CHARSET=utf8mb4 COLLATE=utf8mb4_0900_ai_ci ROW_FORMAT=DYNAMIC;

-- ----------------------------
-- Records of sys_mail
-- ----------------------------
BEGIN;
INSERT INTO `sys_mail` (`mail_id`, `receiver`, `subject`, `content`, `create_by`, `create_time`) VALUES ('1349598576807772160', '1218600762@qq.com', 'macbook pro', '13.3寸\nm1处理器\n16G内存', 'admin', '2021-01-14 06:06:23');
INSERT INTO `sys_mail` (`mail_id`, `receiver`, `subject`, `content`, `create_by`, `create_time`) VALUES ('1357215518368464896', 'BoscoKuo@aliyun.com', '湖人总冠军', '湖人总冠军', 'admin', '2021-02-04 06:33:36');
INSERT INTO `sys_mail` (`mail_id`, `receiver`, `subject`, `content`, `create_by`, `create_time`) VALUES ('1357219037586653184', 'BoscoKuo@aliyun.com', 'LebronJames', 'Lakers', 'admin', '2021-02-04 06:47:35');
COMMIT;

-- ----------------------------
-- Table structure for sys_notice
-- ----------------------------
DROP TABLE IF EXISTS `sys_notice`;
CREATE TABLE `sys_notice` (
  `id` char(20) CHARACTER SET utf8mb4 COLLATE utf8mb4_0900_ai_ci NOT NULL COMMENT '编号',
  `title` varchar(255) CHARACTER SET utf8mb4 COLLATE utf8mb4_0900_ai_ci DEFAULT NULL COMMENT '标题',
  `content` text CHARACTER SET utf8mb4 COLLATE utf8mb4_0900_ai_ci COMMENT '内容',
  `sender` char(20) CHARACTER SET utf8mb4 COLLATE utf8mb4_0900_ai_ci DEFAULT NULL COMMENT '发送人',
  `accept` char(20) CHARACTER SET utf8mb4 COLLATE utf8mb4_0900_ai_ci DEFAULT NULL COMMENT '接收者',
  `type` char(10) CHARACTER SET utf8mb4 COLLATE utf8mb4_0900_ai_ci DEFAULT NULL COMMENT '类型',
  `create_by` char(20) CHARACTER SET utf8mb4 COLLATE utf8mb4_0900_ai_ci DEFAULT NULL COMMENT '创建人',
  `create_time` datetime DEFAULT NULL COMMENT '创建时间',
  `update_by` char(20) CHARACTER SET utf8mb4 COLLATE utf8mb4_0900_ai_ci DEFAULT NULL COMMENT '修改人',
  `update_time` datetime DEFAULT NULL COMMENT '修改时间',
  `remark` varchar(255) CHARACTER SET utf8mb4 COLLATE utf8mb4_0900_ai_ci DEFAULT NULL COMMENT '备注',
  PRIMARY KEY (`id`) USING BTREE
) ENGINE=InnoDB DEFAULT CHARSET=utf8mb4 COLLATE=utf8mb4_0900_ai_ci ROW_FORMAT=DYNAMIC;

-- ----------------------------
-- Records of sys_notice
-- ----------------------------
BEGIN;
INSERT INTO `sys_notice` (`id`, `title`, `content`, `sender`, `accept`, `type`, `create_by`, `create_time`, `update_by`, `update_time`, `remark`) VALUES ('1480883487987728384', '欢迎使用城市运动场所管理系统', '欢迎使用城市运动场所管理系统！！！', '1480148706069053441', NULL, 'public', NULL, '2022-01-11 20:45:12', NULL, NULL, NULL);
COMMIT;

-- ----------------------------
-- Table structure for sys_placeInfo
-- ----------------------------
DROP TABLE IF EXISTS `sys_placeInfo`;
CREATE TABLE `sys_placeInfo` (
  `place_id` char(19) DEFAULT NULL,
  `place_name` char(100) DEFAULT NULL,
  `sport_project` char(255) DEFAULT NULL,
  `create_date` datetime DEFAULT NULL,
  `manager_id` char(19) DEFAULT NULL,
  `notice` char(255) DEFAULT NULL,
  `dept_id` char(19) DEFAULT NULL,
  `QRInfo` char(250) DEFAULT NULL
) ENGINE=InnoDB DEFAULT CHARSET=utf8mb4 COLLATE=utf8mb4_0900_ai_ci;

-- ----------------------------
-- Records of sys_placeInfo
-- ----------------------------
BEGIN;
INSERT INTO `sys_placeInfo` (`place_id`, `place_name`, `sport_project`, `create_date`, `manager_id`, `notice`, `dept_id`, `QRInfo`) VALUES ('1485486260817494016', '精羽羽毛球馆', '羽毛球', '2022-01-24 13:34:58', '1480148706069053441', '欢迎来到精羽羽毛球馆', '1480154314172268544', 'http://192.168.0.103:8081/system/place/toArrivalLogin/精羽羽毛球馆/1485486260817494016');
INSERT INTO `sys_placeInfo` (`place_id`, `place_name`, `sport_project`, `create_date`, `manager_id`, `notice`, `dept_id`, `QRInfo`) VALUES ('1485487668216201216', '新都体育场', '综合场馆', '2022-01-24 13:40:34', '1480148706069053441', '欢迎来到新都体育场', '1480154602555834368', 'http://192.168.0.103:8081/system/place/toArrivalLogin/新都体育场/1485487668216201216');
INSERT INTO `sys_placeInfo` (`place_id`, `place_name`, `sport_project`, `create_date`, `manager_id`, `notice`, `dept_id`, `QRInfo`) VALUES ('1485610264140185600', '懿阳羽毛球馆', '羽毛球', '2022-01-24 21:47:43', '1483797829385191425', '欢迎来到懿阳羽毛球馆', '1480154314172268544', 'http://192.168.0.103:8081/system/place/toArrivalLogin/懿阳羽毛球馆/1485610264140185600');
COMMIT;

-- ----------------------------
-- Table structure for sys_power
-- ----------------------------
DROP TABLE IF EXISTS `sys_power`;
CREATE TABLE `sys_power` (
  `power_id` char(19) CHARACTER SET utf8mb4 COLLATE utf8mb4_0900_ai_ci NOT NULL COMMENT '权限编号',
  `power_name` varchar(255) CHARACTER SET utf8mb4 COLLATE utf8mb4_0900_ai_ci DEFAULT NULL COMMENT '权限名称',
  `power_type` char(1) CHARACTER SET utf8mb4 COLLATE utf8mb4_0900_ai_ci DEFAULT NULL COMMENT '权限类型',
  `power_code` char(30) CHARACTER SET utf8mb4 COLLATE utf8mb4_0900_ai_ci DEFAULT NULL COMMENT '权限标识',
  `power_url` varchar(255) CHARACTER SET utf8mb4 COLLATE utf8mb4_0900_ai_ci DEFAULT NULL COMMENT '权限路径',
  `open_type` char(10) CHARACTER SET utf8mb4 COLLATE utf8mb4_0900_ai_ci DEFAULT NULL COMMENT '打开方式',
  `parent_id` char(19) CHARACTER SET utf8mb4 COLLATE utf8mb4_0900_ai_ci DEFAULT NULL COMMENT '父类编号',
  `icon` varchar(128) CHARACTER SET utf8mb4 COLLATE utf8mb4_0900_ai_ci DEFAULT NULL COMMENT '图标',
  `sort` int DEFAULT NULL COMMENT '排序',
  `create_by` char(19) CHARACTER SET utf8mb4 COLLATE utf8mb4_0900_ai_ci DEFAULT NULL COMMENT '创建人',
  `create_time` datetime DEFAULT NULL COMMENT '创建时间',
  `update_by` char(19) CHARACTER SET utf8mb4 COLLATE utf8mb4_0900_ai_ci DEFAULT NULL COMMENT '修改人',
  `update_time` datetime DEFAULT NULL COMMENT '修改时间',
  `remark` varchar(255) CHARACTER SET utf8mb4 COLLATE utf8mb4_0900_ai_ci DEFAULT NULL COMMENT '备注',
  `enable` char(1) CHARACTER SET utf8mb4 COLLATE utf8mb4_0900_ai_ci DEFAULT NULL COMMENT '是否开启',
  PRIMARY KEY (`power_id`) USING BTREE
) ENGINE=InnoDB DEFAULT CHARSET=utf8mb4 COLLATE=utf8mb4_0900_ai_ci ROW_FORMAT=DYNAMIC;

-- ----------------------------
-- Records of sys_power
-- ----------------------------
BEGIN;
INSERT INTO `sys_power` (`power_id`, `power_name`, `power_type`, `power_code`, `power_url`, `open_type`, `parent_id`, `icon`, `sort`, `create_by`, `create_time`, `update_by`, `update_time`, `remark`, `enable`) VALUES ('1', '系统管理员', '0', '', '', NULL, '0', 'layui-icon layui-icon layui-icon-set-fill', 1, NULL, NULL, NULL, NULL, NULL, '1');
INSERT INTO `sys_power` (`power_id`, `power_name`, `power_type`, `power_code`, `power_url`, `open_type`, `parent_id`, `icon`, `sort`, `create_by`, `create_time`, `update_by`, `update_time`, `remark`, `enable`) VALUES ('1284020948269268992', '用户列表', '2', 'sys:user:data', '', '', '2', 'layui-icon-username', 0, NULL, NULL, NULL, NULL, NULL, '1');
INSERT INTO `sys_power` (`power_id`, `power_name`, `power_type`, `power_code`, `power_url`, `open_type`, `parent_id`, `icon`, `sort`, `create_by`, `create_time`, `update_by`, `update_time`, `remark`, `enable`) VALUES ('1284022967767924736', '用户保存', '2', 'sys:user:add', '', '', '2', 'layui-icon-username', 1, NULL, NULL, NULL, NULL, NULL, '1');
INSERT INTO `sys_power` (`power_id`, `power_name`, `power_type`, `power_code`, `power_url`, `open_type`, `parent_id`, `icon`, `sort`, `create_by`, `create_time`, `update_by`, `update_time`, `remark`, `enable`) VALUES ('1304387665067507712', '数据字典', '1', 'sys:dictType:main', '/system/dictType/main', '_iframe', '694203021537574912', 'layui-icon layui-icon layui-icon layui-icon layui-icon layui-icon layui-icon-flag', 7, NULL, NULL, NULL, NULL, NULL, '1');
INSERT INTO `sys_power` (`power_id`, `power_name`, `power_type`, `power_code`, `power_url`, `open_type`, `parent_id`, `icon`, `sort`, `create_by`, `create_time`, `update_by`, `update_time`, `remark`, `enable`) VALUES ('1304793451996381184', '文件管理', '1', 'sys:file:main', '/system/file/main', '_iframe', '694203021537574912', 'layui-icon layui-icon layui-icon layui-icon-read', 5, NULL, NULL, NULL, NULL, NULL, '1');
INSERT INTO `sys_power` (`power_id`, `power_name`, `power_type`, `power_code`, `power_url`, `open_type`, `parent_id`, `icon`, `sort`, `create_by`, `create_time`, `update_by`, `update_time`, `remark`, `enable`) VALUES ('1307299332784914432', '系统配置', '1', 'sys:config:main', '/system/config/main', '0', '694203021537574912', 'layui-icon layui-icon layui-icon layui-icon-note', 6, NULL, NULL, NULL, NULL, NULL, '1');
INSERT INTO `sys_power` (`power_id`, `power_name`, `power_type`, `power_code`, `power_url`, `open_type`, `parent_id`, `icon`, `sort`, `create_by`, `create_time`, `update_by`, `update_time`, `remark`, `enable`) VALUES ('1310206853057085440', '用户修改', '2', 'sys:user:edit', '', '', '2', 'layui-icon-vercode', 0, NULL, NULL, NULL, NULL, NULL, '1');
INSERT INTO `sys_power` (`power_id`, `power_name`, `power_type`, `power_code`, `power_url`, `open_type`, `parent_id`, `icon`, `sort`, `create_by`, `create_time`, `update_by`, `update_time`, `remark`, `enable`) VALUES ('1310208636370288640', '用户删除', '2', 'sys:user:remove', '', '', '2', 'layui-icon-vercode', 0, NULL, NULL, NULL, NULL, NULL, '1');
INSERT INTO `sys_power` (`power_id`, `power_name`, `power_type`, `power_code`, `power_url`, `open_type`, `parent_id`, `icon`, `sort`, `create_by`, `create_time`, `update_by`, `update_time`, `remark`, `enable`) VALUES ('1310209696916832256', '角色新增', '2', 'sys:role:add', '', '', '3', 'layui-icon-vercode', 0, NULL, NULL, NULL, NULL, NULL, '1');
INSERT INTO `sys_power` (`power_id`, `power_name`, `power_type`, `power_code`, `power_url`, `open_type`, `parent_id`, `icon`, `sort`, `create_by`, `create_time`, `update_by`, `update_time`, `remark`, `enable`) VALUES ('1310209900478988288', '角色删除', '2', 'sys:role:remove', '', '', '3', 'layui-icon-vercode', 0, NULL, NULL, NULL, NULL, NULL, '1');
INSERT INTO `sys_power` (`power_id`, `power_name`, `power_type`, `power_code`, `power_url`, `open_type`, `parent_id`, `icon`, `sort`, `create_by`, `create_time`, `update_by`, `update_time`, `remark`, `enable`) VALUES ('1310210054728712192', '角色修改', '2', 'sys:role:edit', '', '', '3', 'layui-icon-vercode', 0, NULL, NULL, NULL, NULL, NULL, '1');
INSERT INTO `sys_power` (`power_id`, `power_name`, `power_type`, `power_code`, `power_url`, `open_type`, `parent_id`, `icon`, `sort`, `create_by`, `create_time`, `update_by`, `update_time`, `remark`, `enable`) VALUES ('1310211965188046848', '角色授权', '2', 'sys:role:power', '', '', '3', 'layui-icon-vercode', 1, NULL, NULL, NULL, NULL, NULL, '1');
INSERT INTO `sys_power` (`power_id`, `power_name`, `power_type`, `power_code`, `power_url`, `open_type`, `parent_id`, `icon`, `sort`, `create_by`, `create_time`, `update_by`, `update_time`, `remark`, `enable`) VALUES ('1310226416867999744', '权限列表', '2', 'sys:power:data', '', '', '4', 'layui-icon-vercode', 0, NULL, NULL, NULL, NULL, NULL, '1');
INSERT INTO `sys_power` (`power_id`, `power_name`, `power_type`, `power_code`, `power_url`, `open_type`, `parent_id`, `icon`, `sort`, `create_by`, `create_time`, `update_by`, `update_time`, `remark`, `enable`) VALUES ('1310226976593674240', '权限新增', '2', 'sys:power:add', '', '', '4', 'layui-icon-vercode', 1, NULL, NULL, NULL, NULL, NULL, '1');
INSERT INTO `sys_power` (`power_id`, `power_name`, `power_type`, `power_code`, `power_url`, `open_type`, `parent_id`, `icon`, `sort`, `create_by`, `create_time`, `update_by`, `update_time`, `remark`, `enable`) VALUES ('1310227130998587392', '权限修改', '2', 'sys:power:edit', '', '', '4', 'layui-icon-vercode', 2, NULL, NULL, NULL, NULL, NULL, '1');
INSERT INTO `sys_power` (`power_id`, `power_name`, `power_type`, `power_code`, `power_url`, `open_type`, `parent_id`, `icon`, `sort`, `create_by`, `create_time`, `update_by`, `update_time`, `remark`, `enable`) VALUES ('1310227300935008256', '权限删除', '2', 'sys:power:remove', '', '', '4', 'layui-icon-vercode', 3, NULL, NULL, NULL, NULL, NULL, '1');
INSERT INTO `sys_power` (`power_id`, `power_name`, `power_type`, `power_code`, `power_url`, `open_type`, `parent_id`, `icon`, `sort`, `create_by`, `create_time`, `update_by`, `update_time`, `remark`, `enable`) VALUES ('1310232350285627392', '操作日志', '2', 'sys:log:operateLog', '', '', '450300705362808832', 'layui-icon layui-icon-vercode', 0, NULL, NULL, NULL, NULL, NULL, '1');
INSERT INTO `sys_power` (`power_id`, `power_name`, `power_type`, `power_code`, `power_url`, `open_type`, `parent_id`, `icon`, `sort`, `create_by`, `create_time`, `update_by`, `update_time`, `remark`, `enable`) VALUES ('1310232462562951168', '登录日志', '2', 'sys:log:loginLog', '', '', '450300705362808832', 'layui-icon layui-icon-vercode', 1, NULL, NULL, NULL, NULL, NULL, '1');
INSERT INTO `sys_power` (`power_id`, `power_name`, `power_type`, `power_code`, `power_url`, `open_type`, `parent_id`, `icon`, `sort`, `create_by`, `create_time`, `update_by`, `update_time`, `remark`, `enable`) VALUES ('1310238229588344832', '配置列表', '2', 'sys:config:data', '', '', '1307299332784914432', 'layui-icon-vercode', 0, NULL, NULL, NULL, NULL, NULL, '1');
INSERT INTO `sys_power` (`power_id`, `power_name`, `power_type`, `power_code`, `power_url`, `open_type`, `parent_id`, `icon`, `sort`, `create_by`, `create_time`, `update_by`, `update_time`, `remark`, `enable`) VALUES ('1310238417082122240', '配置新增', '2', 'sys:config:add', '', '', '1307299332784914432', 'layui-icon-vercode', 1, NULL, NULL, NULL, NULL, NULL, '1');
INSERT INTO `sys_power` (`power_id`, `power_name`, `power_type`, `power_code`, `power_url`, `open_type`, `parent_id`, `icon`, `sort`, `create_by`, `create_time`, `update_by`, `update_time`, `remark`, `enable`) VALUES ('1310238574355939328', '配置修改', '2', 'sys:config:edit', '', '', '1307299332784914432', 'layui-icon-vercode', 2, NULL, NULL, NULL, NULL, NULL, '1');
INSERT INTO `sys_power` (`power_id`, `power_name`, `power_type`, `power_code`, `power_url`, `open_type`, `parent_id`, `icon`, `sort`, `create_by`, `create_time`, `update_by`, `update_time`, `remark`, `enable`) VALUES ('1310238700705153024', '配置删除', '2', 'sys:config:remove', '', '', '1307299332784914432', 'layui-icon-vercode', 3, NULL, NULL, NULL, NULL, NULL, '1');
INSERT INTO `sys_power` (`power_id`, `power_name`, `power_type`, `power_code`, `power_url`, `open_type`, `parent_id`, `icon`, `sort`, `create_by`, `create_time`, `update_by`, `update_time`, `remark`, `enable`) VALUES ('1310243862937075712', '文件列表', '2', 'sys:file:data', '', '', '1304793451996381184', 'layui-icon-vercode', 0, NULL, NULL, NULL, NULL, NULL, '1');
INSERT INTO `sys_power` (`power_id`, `power_name`, `power_type`, `power_code`, `power_url`, `open_type`, `parent_id`, `icon`, `sort`, `create_by`, `create_time`, `update_by`, `update_time`, `remark`, `enable`) VALUES ('1310244103824343040', '文件新增', '2', 'sys:file:add', '', '', '1304793451996381184', 'layui-icon-vercode', 1, NULL, NULL, NULL, NULL, NULL, '1');
INSERT INTO `sys_power` (`power_id`, `power_name`, `power_type`, `power_code`, `power_url`, `open_type`, `parent_id`, `icon`, `sort`, `create_by`, `create_time`, `update_by`, `update_time`, `remark`, `enable`) VALUES ('1310244248884346880', '文件删除', '2', 'sys:file:remove', '', '', '1304793451996381184', 'layui-icon-vercode', 3, NULL, NULL, NULL, NULL, NULL, '1');
INSERT INTO `sys_power` (`power_id`, `power_name`, `power_type`, `power_code`, `power_url`, `open_type`, `parent_id`, `icon`, `sort`, `create_by`, `create_time`, `update_by`, `update_time`, `remark`, `enable`) VALUES ('1310390699333517312', '任务列表', '2', 'sch:job:data', '', '', '442650770626711552', 'layui-icon-vercode', 0, NULL, NULL, NULL, NULL, NULL, '1');
INSERT INTO `sys_power` (`power_id`, `power_name`, `power_type`, `power_code`, `power_url`, `open_type`, `parent_id`, `icon`, `sort`, `create_by`, `create_time`, `update_by`, `update_time`, `remark`, `enable`) VALUES ('1310390994826428416', '任务新增', '2', 'sch:job:add', '', '', '442650770626711552', 'layui-icon-vercode', 0, NULL, NULL, NULL, NULL, NULL, '1');
INSERT INTO `sys_power` (`power_id`, `power_name`, `power_type`, `power_code`, `power_url`, `open_type`, `parent_id`, `icon`, `sort`, `create_by`, `create_time`, `update_by`, `update_time`, `remark`, `enable`) VALUES ('1310391095670079488', '任务修改', '2', 'sch:job:edit', '', '', '442650770626711552', 'layui-icon-vercode', 2, NULL, NULL, NULL, NULL, NULL, '1');
INSERT INTO `sys_power` (`power_id`, `power_name`, `power_type`, `power_code`, `power_url`, `open_type`, `parent_id`, `icon`, `sort`, `create_by`, `create_time`, `update_by`, `update_time`, `remark`, `enable`) VALUES ('1310391707069579264', '任务删除', '2', 'sch:job:remove', '', '', '442650770626711552', 'layui-icon-vercode', 3, NULL, NULL, NULL, NULL, NULL, '1');
INSERT INTO `sys_power` (`power_id`, `power_name`, `power_type`, `power_code`, `power_url`, `open_type`, `parent_id`, `icon`, `sort`, `create_by`, `create_time`, `update_by`, `update_time`, `remark`, `enable`) VALUES ('1310395250908332032', '日志列表', '2', 'sch:log:data', '', '', '442651158935375872', 'layui-icon-vercode', 0, NULL, NULL, NULL, NULL, NULL, '1');
INSERT INTO `sys_power` (`power_id`, `power_name`, `power_type`, `power_code`, `power_url`, `open_type`, `parent_id`, `icon`, `sort`, `create_by`, `create_time`, `update_by`, `update_time`, `remark`, `enable`) VALUES ('1310397832091402240', '任务恢复', '2', 'sch:job:resume', '', '', '442650770626711552', 'layui-icon-vercode', NULL, NULL, NULL, NULL, NULL, NULL, '1');
INSERT INTO `sys_power` (`power_id`, `power_name`, `power_type`, `power_code`, `power_url`, `open_type`, `parent_id`, `icon`, `sort`, `create_by`, `create_time`, `update_by`, `update_time`, `remark`, `enable`) VALUES ('1310398020692475904', '任务停止', '2', 'sch:job:pause', '', '', '442650770626711552', 'layui-icon-vercode', 3, NULL, NULL, NULL, NULL, NULL, '1');
INSERT INTO `sys_power` (`power_id`, `power_name`, `power_type`, `power_code`, `power_url`, `open_type`, `parent_id`, `icon`, `sort`, `create_by`, `create_time`, `update_by`, `update_time`, `remark`, `enable`) VALUES ('1310398158974484480', '任务运行', '2', 'sch:job:run', '', '', '442650770626711552', 'layui-icon-vercode', 4, NULL, NULL, NULL, NULL, NULL, '1');
INSERT INTO `sys_power` (`power_id`, `power_name`, `power_type`, `power_code`, `power_url`, `open_type`, `parent_id`, `icon`, `sort`, `create_by`, `create_time`, `update_by`, `update_time`, `remark`, `enable`) VALUES ('1310402491631796224', '数据类型列表', '2', 'sys:dictType:data', '', '', '1304387665067507712', 'layui-icon-vercode', 0, NULL, NULL, NULL, NULL, NULL, '1');
INSERT INTO `sys_power` (`power_id`, `power_name`, `power_type`, `power_code`, `power_url`, `open_type`, `parent_id`, `icon`, `sort`, `create_by`, `create_time`, `update_by`, `update_time`, `remark`, `enable`) VALUES ('1310402688881524736', '数据类型新增', '2', 'sys:dictType:add', '', '', '1304387665067507712', 'layui-icon-vercode', 1, NULL, NULL, NULL, NULL, NULL, '1');
INSERT INTO `sys_power` (`power_id`, `power_name`, `power_type`, `power_code`, `power_url`, `open_type`, `parent_id`, `icon`, `sort`, `create_by`, `create_time`, `update_by`, `update_time`, `remark`, `enable`) VALUES ('1310402817776680960', '数据类型修改', '2', 'sys:dictType:edit', '', '', '1304387665067507712', 'layui-icon-vercode', 3, NULL, NULL, NULL, NULL, NULL, '1');
INSERT INTO `sys_power` (`power_id`, `power_name`, `power_type`, `power_code`, `power_url`, `open_type`, `parent_id`, `icon`, `sort`, `create_by`, `create_time`, `update_by`, `update_time`, `remark`, `enable`) VALUES ('1310403004406431744', '数据类型删除', '2', 'sys:dictType:remove', '', '', '1304387665067507712', 'layui-icon-vercode', 3, NULL, NULL, NULL, NULL, NULL, '1');
INSERT INTO `sys_power` (`power_id`, `power_name`, `power_type`, `power_code`, `power_url`, `open_type`, `parent_id`, `icon`, `sort`, `create_by`, `create_time`, `update_by`, `update_time`, `remark`, `enable`) VALUES ('1310404584291696640', '数据字典视图', '2', 'sys:dictData:main', '', '', '1304387665067507712', 'layui-icon-vercode', 0, NULL, NULL, NULL, NULL, NULL, '1');
INSERT INTO `sys_power` (`power_id`, `power_name`, `power_type`, `power_code`, `power_url`, `open_type`, `parent_id`, `icon`, `sort`, `create_by`, `create_time`, `update_by`, `update_time`, `remark`, `enable`) VALUES ('1310404705934901248', '数据字典列表', '2', 'sys:dictData:data', '', '', '1304387665067507712', 'layui-icon-vercode', 1, NULL, NULL, NULL, NULL, NULL, '1');
INSERT INTO `sys_power` (`power_id`, `power_name`, `power_type`, `power_code`, `power_url`, `open_type`, `parent_id`, `icon`, `sort`, `create_by`, `create_time`, `update_by`, `update_time`, `remark`, `enable`) VALUES ('1310404831407505408', '数据字典新增', '2', 'sys:dictData:add', '', '', '1304387665067507712', 'layui-icon-vercode', 5, NULL, NULL, NULL, NULL, NULL, '1');
INSERT INTO `sys_power` (`power_id`, `power_name`, `power_type`, `power_code`, `power_url`, `open_type`, `parent_id`, `icon`, `sort`, `create_by`, `create_time`, `update_by`, `update_time`, `remark`, `enable`) VALUES ('1310404999599095808', '数据字典删除', '2', 'sys:dictData:remove', '', '', '1304387665067507712', 'layui-icon-vercode', 6, NULL, NULL, NULL, NULL, NULL, '1');
INSERT INTO `sys_power` (`power_id`, `power_name`, `power_type`, `power_code`, `power_url`, `open_type`, `parent_id`, `icon`, `sort`, `create_by`, `create_time`, `update_by`, `update_time`, `remark`, `enable`) VALUES ('1310405161587310592', '数据字典修改', '2', 'sys:dictData:edit', '', '', '1304387665067507712', 'layui-icon-vercode', 0, NULL, NULL, NULL, NULL, NULL, '1');
INSERT INTO `sys_power` (`power_id`, `power_name`, `power_type`, `power_code`, `power_url`, `open_type`, `parent_id`, `icon`, `sort`, `create_by`, `create_time`, `update_by`, `update_time`, `remark`, `enable`) VALUES ('1313142510486290432', '公告列表', '1', 'sys:notice:data', '/system/notice/data', '0', '1313142171393589248', 'layui-icon-notice', 1, NULL, NULL, NULL, NULL, NULL, '1');
INSERT INTO `sys_power` (`power_id`, `power_name`, `power_type`, `power_code`, `power_url`, `open_type`, `parent_id`, `icon`, `sort`, `create_by`, `create_time`, `update_by`, `update_time`, `remark`, `enable`) VALUES ('1313482983558086656', '公告新增', '2', 'sys:notice:add', '', '', '1313142171393589248', 'layui-icon-vercode', 1, NULL, NULL, NULL, NULL, NULL, '1');
INSERT INTO `sys_power` (`power_id`, `power_name`, `power_type`, `power_code`, `power_url`, `open_type`, `parent_id`, `icon`, `sort`, `create_by`, `create_time`, `update_by`, `update_time`, `remark`, `enable`) VALUES ('1313483090852577280', '公告修改', '2', 'sys:notice:edit', '', '', '1313142171393589248', 'layui-icon-vercode', 2, NULL, NULL, NULL, NULL, NULL, '1');
INSERT INTO `sys_power` (`power_id`, `power_name`, `power_type`, `power_code`, `power_url`, `open_type`, `parent_id`, `icon`, `sort`, `create_by`, `create_time`, `update_by`, `update_time`, `remark`, `enable`) VALUES ('1313483189850734592', '公告删除', '2', 'sys:notice:remove', '', '', '1313142171393589248', 'layui-icon-vercode', 3, NULL, NULL, NULL, NULL, NULL, '1');
INSERT INTO `sys_power` (`power_id`, `power_name`, `power_type`, `power_code`, `power_url`, `open_type`, `parent_id`, `icon`, `sort`, `create_by`, `create_time`, `update_by`, `update_time`, `remark`, `enable`) VALUES ('1315584471046553600', '部门管理', '1', 'sys:dept:main', '/system/dept/main', '_iframe', '1', 'layui-icon layui-icon layui-icon layui-icon-vercode', 3, NULL, NULL, NULL, NULL, NULL, '1');
INSERT INTO `sys_power` (`power_id`, `power_name`, `power_type`, `power_code`, `power_url`, `open_type`, `parent_id`, `icon`, `sort`, `create_by`, `create_time`, `update_by`, `update_time`, `remark`, `enable`) VALUES ('1316558444790022144', '部门新增', '2', 'sys:dept:add', '', '', '1315584471046553600', 'layui-icon layui-icon-vercode', 0, NULL, NULL, NULL, NULL, NULL, '1');
INSERT INTO `sys_power` (`power_id`, `power_name`, `power_type`, `power_code`, `power_url`, `open_type`, `parent_id`, `icon`, `sort`, `create_by`, `create_time`, `update_by`, `update_time`, `remark`, `enable`) VALUES ('1316558556102656000', '部门修改', '2', 'sys:dept:edit', '', '', '1315584471046553600', 'layui-icon layui-icon-vercode', 1, NULL, NULL, NULL, NULL, NULL, '1');
INSERT INTO `sys_power` (`power_id`, `power_name`, `power_type`, `power_code`, `power_url`, `open_type`, `parent_id`, `icon`, `sort`, `create_by`, `create_time`, `update_by`, `update_time`, `remark`, `enable`) VALUES ('1316558685442408448', '部门删除', '2', 'sys:dept:remove', '', '', '1315584471046553600', 'layui-icon layui-icon-vercode', 3, NULL, NULL, NULL, NULL, NULL, '1');
INSERT INTO `sys_power` (`power_id`, `power_name`, `power_type`, `power_code`, `power_url`, `open_type`, `parent_id`, `icon`, `sort`, `create_by`, `create_time`, `update_by`, `update_time`, `remark`, `enable`) VALUES ('1317555660455411712', '部门列表', '2', 'sys:dept:data', '', '', '1315584471046553600', 'layui-icon layui-icon layui-icon layui-icon-vercode', 2, NULL, NULL, NULL, NULL, NULL, '1');
INSERT INTO `sys_power` (`power_id`, `power_name`, `power_type`, `power_code`, `power_url`, `open_type`, `parent_id`, `icon`, `sort`, `create_by`, `create_time`, `update_by`, `update_time`, `remark`, `enable`) VALUES ('1318229908526202880', '模型新增', '2', 'pro:model:add', '', '', '1307562519451140096', 'layui-icon layui-icon-vercode', 0, NULL, NULL, NULL, NULL, NULL, '1');
INSERT INTO `sys_power` (`power_id`, `power_name`, `power_type`, `power_code`, `power_url`, `open_type`, `parent_id`, `icon`, `sort`, `create_by`, `create_time`, `update_by`, `update_time`, `remark`, `enable`) VALUES ('1318230013262168064', '模型修改', '2', 'pro:model:edit', '', '', '1307562519451140096', 'layui-icon layui-icon-vercode', 1, NULL, NULL, NULL, NULL, NULL, '1');
INSERT INTO `sys_power` (`power_id`, `power_name`, `power_type`, `power_code`, `power_url`, `open_type`, `parent_id`, `icon`, `sort`, `create_by`, `create_time`, `update_by`, `update_time`, `remark`, `enable`) VALUES ('1318230265385975808', '模型删除', '2', 'pro:model:remove', '', '', '1307562519451140096', 'layui-icon layui-icon-vercode', 2, NULL, NULL, NULL, NULL, NULL, '1');
INSERT INTO `sys_power` (`power_id`, `power_name`, `power_type`, `power_code`, `power_url`, `open_type`, `parent_id`, `icon`, `sort`, `create_by`, `create_time`, `update_by`, `update_time`, `remark`, `enable`) VALUES ('1320969572051845120', '111111', '2', '', '', '', '1284020948269268992', 'layui-icon-login-qq', NULL, NULL, NULL, NULL, NULL, NULL, NULL);
INSERT INTO `sys_power` (`power_id`, `power_name`, `power_type`, `power_code`, `power_url`, `open_type`, `parent_id`, `icon`, `sort`, `create_by`, `create_time`, `update_by`, `update_time`, `remark`, `enable`) VALUES ('1322085079861690368', '用户管理', '1', 'sys:user:main', '/system/user/main', '_iframe', '1', 'layui-icon layui-icon layui-icon layui-icon layui-icon-rate', 0, NULL, NULL, NULL, NULL, NULL, '1');
INSERT INTO `sys_power` (`power_id`, `power_name`, `power_type`, `power_code`, `power_url`, `open_type`, `parent_id`, `icon`, `sort`, `create_by`, `create_time`, `update_by`, `update_time`, `remark`, `enable`) VALUES ('1322085270392143872', '用户列表', '2', 'sys:user:data', '', '', '1322085079861690368', 'layui-icon layui-icon layui-icon layui-icon-vercode', 0, NULL, NULL, NULL, NULL, NULL, '1');
INSERT INTO `sys_power` (`power_id`, `power_name`, `power_type`, `power_code`, `power_url`, `open_type`, `parent_id`, `icon`, `sort`, `create_by`, `create_time`, `update_by`, `update_time`, `remark`, `enable`) VALUES ('1322085393021009920', '用户新增', '2', 'sys:user:add', '', '', '1322085079861690368', 'layui-icon layui-icon-vercode', NULL, NULL, NULL, NULL, NULL, NULL, '1');
INSERT INTO `sys_power` (`power_id`, `power_name`, `power_type`, `power_code`, `power_url`, `open_type`, `parent_id`, `icon`, `sort`, `create_by`, `create_time`, `update_by`, `update_time`, `remark`, `enable`) VALUES ('1322085497798918144', '用户修改', '2', 'sys:user:edit', '', '', '1322085079861690368', 'layui-icon layui-icon layui-icon-vercode', 2, NULL, NULL, NULL, NULL, NULL, '1');
INSERT INTO `sys_power` (`power_id`, `power_name`, `power_type`, `power_code`, `power_url`, `open_type`, `parent_id`, `icon`, `sort`, `create_by`, `create_time`, `update_by`, `update_time`, `remark`, `enable`) VALUES ('1322085659766161408', '用户删除', '2', 'sys:user:remove', '', '', '1322085079861690368', 'layui-icon layui-icon-rate', 3, NULL, NULL, NULL, NULL, NULL, '1');
INSERT INTO `sys_power` (`power_id`, `power_name`, `power_type`, `power_code`, `power_url`, `open_type`, `parent_id`, `icon`, `sort`, `create_by`, `create_time`, `update_by`, `update_time`, `remark`, `enable`) VALUES ('1329349076189184000', '', '1', '', '', '', '451002662209589248', 'layui-icon', NULL, NULL, NULL, NULL, NULL, NULL, '1');
INSERT INTO `sys_power` (`power_id`, `power_name`, `power_type`, `power_code`, `power_url`, `open_type`, `parent_id`, `icon`, `sort`, `create_by`, `create_time`, `update_by`, `update_time`, `remark`, `enable`) VALUES ('1330865171429588992', '在线用户', '1', 'sys:online:main', '/system/online/main', '_iframe', '694203021537574912', 'layui-icon layui-icon layui-icon-username', 0, NULL, NULL, NULL, NULL, NULL, '1');
INSERT INTO `sys_power` (`power_id`, `power_name`, `power_type`, `power_code`, `power_url`, `open_type`, `parent_id`, `icon`, `sort`, `create_by`, `create_time`, `update_by`, `update_time`, `remark`, `enable`) VALUES ('1348562759603716096', '在线列表', '1', 'sys:online:data', '/system/online/data', '_iframe', '1330865171429588992', 'layui-icon layui-icon-username', 1, NULL, NULL, NULL, NULL, NULL, '1');
INSERT INTO `sys_power` (`power_id`, `power_name`, `power_type`, `power_code`, `power_url`, `open_type`, `parent_id`, `icon`, `sort`, `create_by`, `create_time`, `update_by`, `update_time`, `remark`, `enable`) VALUES ('1349016358033031168', '环境监控', '1', 'sys:monitor:main', '/system/monitor/main', '_iframe', '694203021537574912', 'layui-icon layui-icon layui-icon-vercode', 0, NULL, NULL, NULL, NULL, NULL, '1');
INSERT INTO `sys_power` (`power_id`, `power_name`, `power_type`, `power_code`, `power_url`, `open_type`, `parent_id`, `icon`, `sort`, `create_by`, `create_time`, `update_by`, `update_time`, `remark`, `enable`) VALUES ('1349279791521464320', '电子邮件', '1', 'sys:mail:main', '/system/mail/main', '_iframe', '1', 'layui-icon layui-icon layui-icon layui-icon-list', 7, NULL, NULL, NULL, NULL, NULL, '1');
INSERT INTO `sys_power` (`power_id`, `power_name`, `power_type`, `power_code`, `power_url`, `open_type`, `parent_id`, `icon`, `sort`, `create_by`, `create_time`, `update_by`, `update_time`, `remark`, `enable`) VALUES ('1349636574442160128', '邮件发送', '2', 'sys:mail:save', '', '', '1349279791521464320', 'layui-icon layui-icon layui-icon layui-icon layui-icon layui-icon-vercode', 3, NULL, NULL, NULL, NULL, NULL, '1');
INSERT INTO `sys_power` (`power_id`, `power_name`, `power_type`, `power_code`, `power_url`, `open_type`, `parent_id`, `icon`, `sort`, `create_by`, `create_time`, `update_by`, `update_time`, `remark`, `enable`) VALUES ('1349636919478190080', '邮件删除', '2', 'sys:mail:remove', '', '', '1349279791521464320', 'layui-icon layui-icon layui-icon layui-icon layui-icon-vercode', 2, NULL, NULL, NULL, NULL, NULL, '1');
INSERT INTO `sys_power` (`power_id`, `power_name`, `power_type`, `power_code`, `power_url`, `open_type`, `parent_id`, `icon`, `sort`, `create_by`, `create_time`, `update_by`, `update_time`, `remark`, `enable`) VALUES ('1349637786285637632', '邮件列表', '2', 'sys:mail:data', '', '', '1349279791521464320', 'layui-icon layui-icon layui-icon-vercode', 0, NULL, NULL, NULL, NULL, NULL, '1');
INSERT INTO `sys_power` (`power_id`, `power_name`, `power_type`, `power_code`, `power_url`, `open_type`, `parent_id`, `icon`, `sort`, `create_by`, `create_time`, `update_by`, `update_time`, `remark`, `enable`) VALUES ('1349638479767666688', '邮件新增', '2', 'sys:mail:add', '', '', '1349279791521464320', 'layui-icon layui-icon layui-icon-vercode', 1, NULL, NULL, NULL, NULL, NULL, '1');
INSERT INTO `sys_power` (`power_id`, `power_name`, `power_type`, `power_code`, `power_url`, `open_type`, `parent_id`, `icon`, `sort`, `create_by`, `create_time`, `update_by`, `update_time`, `remark`, `enable`) VALUES ('1355962888132493312', '系统设置', '1', 'sys:setup:main', '/system/setup/main', '_iframe', '694203021537574912', 'layui-icon layui-icon layui-icon layui-icon-set', 11, NULL, NULL, NULL, NULL, NULL, '1');
INSERT INTO `sys_power` (`power_id`, `power_name`, `power_type`, `power_code`, `power_url`, `open_type`, `parent_id`, `icon`, `sort`, `create_by`, `create_time`, `update_by`, `update_time`, `remark`, `enable`) VALUES ('1370412169610395648', '站内消息', '1', 'system:notice:main', '/system/notice/main', '_iframe', '694203021537574912', 'layui-icon layui-icon layui-icon layui-icon layui-icon-set-fill', 8, NULL, NULL, NULL, NULL, NULL, '1');
INSERT INTO `sys_power` (`power_id`, `power_name`, `power_type`, `power_code`, `power_url`, `open_type`, `parent_id`, `icon`, `sort`, `create_by`, `create_time`, `update_by`, `update_time`, `remark`, `enable`) VALUES ('1370412169610395649', '消息列表', '2', 'system:notice:data', '', NULL, '1370412169610395648', 'layui-icon layui-icon-set-fill', 1, NULL, NULL, NULL, NULL, NULL, '1');
INSERT INTO `sys_power` (`power_id`, `power_name`, `power_type`, `power_code`, `power_url`, `open_type`, `parent_id`, `icon`, `sort`, `create_by`, `create_time`, `update_by`, `update_time`, `remark`, `enable`) VALUES ('1370412169610395650', '消息新增', '2', 'system:notice:add', '', NULL, '1370412169610395648', 'layui-icon layui-icon-set-fill', 1, NULL, NULL, NULL, NULL, NULL, '1');
INSERT INTO `sys_power` (`power_id`, `power_name`, `power_type`, `power_code`, `power_url`, `open_type`, `parent_id`, `icon`, `sort`, `create_by`, `create_time`, `update_by`, `update_time`, `remark`, `enable`) VALUES ('1370412169610395651', '消息修改', '2', 'system:notice:edit', '', NULL, '1370412169610395648', 'layui-icon layui-icon-set-fill', 1, NULL, NULL, NULL, NULL, NULL, '1');
INSERT INTO `sys_power` (`power_id`, `power_name`, `power_type`, `power_code`, `power_url`, `open_type`, `parent_id`, `icon`, `sort`, `create_by`, `create_time`, `update_by`, `update_time`, `remark`, `enable`) VALUES ('1370412169610395652', '消息删除', '2', 'system:notice:remove', '', NULL, '1370412169610395648', 'layui-icon layui-icon-set-fill', 1, NULL, NULL, NULL, NULL, NULL, '1');
INSERT INTO `sys_power` (`power_id`, `power_name`, `power_type`, `power_code`, `power_url`, `open_type`, `parent_id`, `icon`, `sort`, `create_by`, `create_time`, `update_by`, `update_time`, `remark`, `enable`) VALUES ('1370974716822552576', '修改设置', '2', 'sys:setup:add', '', '', '1355962888132493312', 'layui-icon layui-icon-vercode', 1, NULL, NULL, NULL, NULL, NULL, '1');
INSERT INTO `sys_power` (`power_id`, `power_name`, `power_type`, `power_code`, `power_url`, `open_type`, `parent_id`, `icon`, `sort`, `create_by`, `create_time`, `update_by`, `update_time`, `remark`, `enable`) VALUES ('1480855640145395712', '场所管理员', '0', '', '', '', '0', 'layui-icon layui-icon-username', 2, NULL, NULL, NULL, NULL, NULL, '1');
INSERT INTO `sys_power` (`power_id`, `power_name`, `power_type`, `power_code`, `power_url`, `open_type`, `parent_id`, `icon`, `sort`, `create_by`, `create_time`, `update_by`, `update_time`, `remark`, `enable`) VALUES ('1480856826932101120', '用户画像', '1', 'place:usersInfoList', 'place/usersInfoList', '_iframe', '1480855640145395712', 'layui-icon layui-icon layui-icon-user', 1, NULL, NULL, NULL, NULL, NULL, '1');
INSERT INTO `sys_power` (`power_id`, `power_name`, `power_type`, `power_code`, `power_url`, `open_type`, `parent_id`, `icon`, `sort`, `create_by`, `create_time`, `update_by`, `update_time`, `remark`, `enable`) VALUES ('1480857191098351616', '到场用户列表', '1', 'place:arriveUsersInfoList', 'place/arriveUsersInfoList', '_iframe', '1480855640145395712', 'layui-icon layui-icon-file-b', 2, NULL, NULL, NULL, NULL, NULL, '1');
INSERT INTO `sys_power` (`power_id`, `power_name`, `power_type`, `power_code`, `power_url`, `open_type`, `parent_id`, `icon`, `sort`, `create_by`, `create_time`, `update_by`, `update_time`, `remark`, `enable`) VALUES ('1480857732356505600', '首页', '1', 'place:index', 'place/index', '_iframe', '1480855640145395712', 'layui-icon layui-icon-website', 0, NULL, NULL, NULL, NULL, NULL, '1');
INSERT INTO `sys_power` (`power_id`, `power_name`, `power_type`, `power_code`, `power_url`, `open_type`, `parent_id`, `icon`, `sort`, `create_by`, `create_time`, `update_by`, `update_time`, `remark`, `enable`) VALUES ('1480858023768358912', '预约管理', '1', 'place:books', 'place/books', '_iframe', '1480855640145395712', 'layui-icon ', 4, NULL, NULL, NULL, NULL, NULL, '1');
INSERT INTO `sys_power` (`power_id`, `power_name`, `power_type`, `power_code`, `power_url`, `open_type`, `parent_id`, `icon`, `sort`, `create_by`, `create_time`, `update_by`, `update_time`, `remark`, `enable`) VALUES ('1480859574486433792', '场所管理', '1', 'sys:place:main', 'system/place/main', '_iframe', '1', 'layui-icon layui-icon layui-icon layui-icon layui-icon layui-icon ', 4, NULL, NULL, NULL, NULL, NULL, '1');
INSERT INTO `sys_power` (`power_id`, `power_name`, `power_type`, `power_code`, `power_url`, `open_type`, `parent_id`, `icon`, `sort`, `create_by`, `create_time`, `update_by`, `update_time`, `remark`, `enable`) VALUES ('1480898919104774144', '扫码运动', '1', 'placeUser:ScanQRCode', 'placeUser/ScanQRCode', '_iframe', '0', 'layui-icon layui-icon layui-icon layui-icon-cellphone', 4, NULL, NULL, NULL, NULL, NULL, '1');
INSERT INTO `sys_power` (`power_id`, `power_name`, `power_type`, `power_code`, `power_url`, `open_type`, `parent_id`, `icon`, `sort`, `create_by`, `create_time`, `update_by`, `update_time`, `remark`, `enable`) VALUES ('1485261576494645248', '生成二维码', '2', 'sys:place:qrInfo', '', '', '1480859574486433792', 'layui-icon layui-icon-vercode', NULL, NULL, NULL, NULL, NULL, NULL, NULL);
INSERT INTO `sys_power` (`power_id`, `power_name`, `power_type`, `power_code`, `power_url`, `open_type`, `parent_id`, `icon`, `sort`, `create_by`, `create_time`, `update_by`, `update_time`, `remark`, `enable`) VALUES ('2', '用户管理', '2', '', '', '_iframe', '1320969572051845120', 'layui-icon layui-icon layui-icon-username', 0, NULL, NULL, NULL, NULL, NULL, '1');
INSERT INTO `sys_power` (`power_id`, `power_name`, `power_type`, `power_code`, `power_url`, `open_type`, `parent_id`, `icon`, `sort`, `create_by`, `create_time`, `update_by`, `update_time`, `remark`, `enable`) VALUES ('3', '角色管理', '1', 'sys:role:main', '/system/role/main', '_iframe', '1', 'layui-icon layui-icon-user', 1, NULL, NULL, NULL, NULL, NULL, '1');
INSERT INTO `sys_power` (`power_id`, `power_name`, `power_type`, `power_code`, `power_url`, `open_type`, `parent_id`, `icon`, `sort`, `create_by`, `create_time`, `update_by`, `update_time`, `remark`, `enable`) VALUES ('4', '权限管理', '1', 'sys:power:main', '/system/power/main', '_iframe', '1', 'layui-icon layui-icon layui-icon-vercode', 4, NULL, NULL, NULL, NULL, NULL, '1');
INSERT INTO `sys_power` (`power_id`, `power_name`, `power_type`, `power_code`, `power_url`, `open_type`, `parent_id`, `icon`, `sort`, `create_by`, `create_time`, `update_by`, `update_time`, `remark`, `enable`) VALUES ('442359447487123456', '角色列表', '2', 'sys:role:data', '', '', '3', 'layui-icon layui-icon-rate', 1, NULL, NULL, NULL, NULL, NULL, '1');
INSERT INTO `sys_power` (`power_id`, `power_name`, `power_type`, `power_code`, `power_url`, `open_type`, `parent_id`, `icon`, `sort`, `create_by`, `create_time`, `update_by`, `update_time`, `remark`, `enable`) VALUES ('450300705362808832', '行为日志', '1', 'sys:log:main', '/system/log/main', '_iframe', '694203021537574912', 'layui-icon layui-icon layui-icon layui-icon layui-icon  layui-icon-chart', 3, NULL, NULL, NULL, NULL, NULL, '1');
INSERT INTO `sys_power` (`power_id`, `power_name`, `power_type`, `power_code`, `power_url`, `open_type`, `parent_id`, `icon`, `sort`, `create_by`, `create_time`, `update_by`, `update_time`, `remark`, `enable`) VALUES ('451002662209589248', '工作空间', '1', '', '', '', '451002662209589248', 'layui-icon layui-icon layui-icon-home', 0, NULL, NULL, NULL, NULL, NULL, '1');
INSERT INTO `sys_power` (`power_id`, `power_name`, `power_type`, `power_code`, `power_url`, `open_type`, `parent_id`, `icon`, `sort`, `create_by`, `create_time`, `update_by`, `update_time`, `remark`, `enable`) VALUES ('451003242072117248', '项目总览', '1', 'process:model:main', '/console', '_iframe', '451002662209589248', 'layui-icon  layui-icon-component', 0, NULL, NULL, NULL, NULL, NULL, '1');
INSERT INTO `sys_power` (`power_id`, `power_name`, `power_type`, `power_code`, `power_url`, `open_type`, `parent_id`, `icon`, `sort`, `create_by`, `create_time`, `update_by`, `update_time`, `remark`, `enable`) VALUES ('474356363552755712', '项目介绍', '1', 'home', '/console', '_iframe', '474356044148117504', 'layui-icon layui-icon-home', 1, NULL, NULL, NULL, NULL, NULL, '0');
INSERT INTO `sys_power` (`power_id`, `power_name`, `power_type`, `power_code`, `power_url`, `open_type`, `parent_id`, `icon`, `sort`, `create_by`, `create_time`, `update_by`, `update_time`, `remark`, `enable`) VALUES ('694203021537574912', '系统监控、管理', '0', '', '', '', '0', 'layui-icon layui-icon  layui-icon-console', 3, NULL, NULL, NULL, NULL, NULL, '1');
COMMIT;

-- ----------------------------
-- Table structure for sys_role
-- ----------------------------
DROP TABLE IF EXISTS `sys_role`;
CREATE TABLE `sys_role` (
  `role_id` char(19) CHARACTER SET utf8mb4 COLLATE utf8mb4_0900_ai_ci NOT NULL COMMENT '角色编号',
  `role_name` varchar(255) CHARACTER SET utf8mb4 COLLATE utf8mb4_0900_ai_ci DEFAULT NULL COMMENT '角色名称',
  `role_code` varchar(255) CHARACTER SET utf8mb4 COLLATE utf8mb4_0900_ai_ci DEFAULT NULL COMMENT '角色标识',
  `enable` char(1) CHARACTER SET utf8mb4 COLLATE utf8mb4_0900_ai_ci DEFAULT NULL COMMENT '是否启用',
  `create_time` datetime DEFAULT NULL COMMENT '创建时间',
  `create_by` char(19) CHARACTER SET utf8mb4 COLLATE utf8mb4_0900_ai_ci DEFAULT NULL COMMENT '创建人',
  `update_time` datetime DEFAULT NULL COMMENT '修改时间',
  `update_by` char(19) CHARACTER SET utf8mb4 COLLATE utf8mb4_0900_ai_ci DEFAULT NULL COMMENT '修改人',
  `remark` varchar(255) CHARACTER SET utf8mb4 COLLATE utf8mb4_0900_ai_ci DEFAULT NULL COMMENT '备注',
  `details` varchar(255) CHARACTER SET utf8mb4 COLLATE utf8mb4_0900_ai_ci DEFAULT NULL COMMENT '详情',
  `sort` int DEFAULT NULL COMMENT '排序',
  PRIMARY KEY (`role_id`) USING BTREE
) ENGINE=InnoDB DEFAULT CHARSET=utf8mb4 COLLATE=utf8mb4_0900_ai_ci ROW_FORMAT=DYNAMIC;

-- ----------------------------
-- Records of sys_role
-- ----------------------------
BEGIN;
INSERT INTO `sys_role` (`role_id`, `role_name`, `role_code`, `enable`, `create_time`, `create_by`, `update_time`, `update_by`, `remark`, `details`, `sort`) VALUES ('1309851245195821056', '系统管理员', 'admin', '0', NULL, NULL, NULL, NULL, NULL, '超级管理员', 1);
INSERT INTO `sys_role` (`role_id`, `role_name`, `role_code`, `enable`, `create_time`, `create_by`, `update_time`, `update_by`, `remark`, `details`, `sort`) VALUES ('1356112133691015168', '用户', 'users', '0', NULL, NULL, NULL, NULL, NULL, '应急管理员', 5);
INSERT INTO `sys_role` (`role_id`, `role_name`, `role_code`, `enable`, `create_time`, `create_by`, `update_time`, `update_by`, `remark`, `details`, `sort`) VALUES ('1480860133817843712', '市级', 'city', '0', NULL, NULL, NULL, NULL, NULL, '市级管理员', 2);
INSERT INTO `sys_role` (`role_id`, `role_name`, `role_code`, `enable`, `create_time`, `create_by`, `update_time`, `update_by`, `remark`, `details`, `sort`) VALUES ('1480860384368787456', '区级', 'district', '0', NULL, NULL, NULL, NULL, NULL, '区级管理员', 3);
INSERT INTO `sys_role` (`role_id`, `role_name`, `role_code`, `enable`, `create_time`, `create_by`, `update_time`, `update_by`, `remark`, `details`, `sort`) VALUES ('1480860500660060160', '场所', 'place', '0', NULL, NULL, NULL, NULL, NULL, '场所管理员', 4);
COMMIT;

-- ----------------------------
-- Table structure for sys_role_power
-- ----------------------------
DROP TABLE IF EXISTS `sys_role_power`;
CREATE TABLE `sys_role_power` (
  `id` char(19) CHARACTER SET utf8mb4 COLLATE utf8mb4_0900_ai_ci NOT NULL,
  `role_id` char(19) CHARACTER SET utf8mb4 COLLATE utf8mb4_0900_ai_ci DEFAULT NULL,
  `power_id` char(19) CHARACTER SET utf8mb4 COLLATE utf8mb4_0900_ai_ci DEFAULT NULL,
  `create_by` char(19) CHARACTER SET utf8mb4 COLLATE utf8mb4_0900_ai_ci DEFAULT NULL,
  `create_time` datetime DEFAULT NULL,
  `update_by` char(19) CHARACTER SET utf8mb4 COLLATE utf8mb4_0900_ai_ci DEFAULT NULL,
  `update_time` datetime DEFAULT NULL,
  `remark` varchar(255) CHARACTER SET utf8mb4 COLLATE utf8mb4_0900_ai_ci DEFAULT NULL,
  PRIMARY KEY (`id`) USING BTREE
) ENGINE=InnoDB DEFAULT CHARSET=utf8mb4 COLLATE=utf8mb4_0900_ai_ci ROW_FORMAT=DYNAMIC;

-- ----------------------------
-- Records of sys_role_power
-- ----------------------------
BEGIN;
INSERT INTO `sys_role_power` (`id`, `role_id`, `power_id`, `create_by`, `create_time`, `update_by`, `update_time`, `remark`) VALUES ('1284022485632679936', '3', '474356044148117504', NULL, NULL, NULL, NULL, NULL);
INSERT INTO `sys_role_power` (`id`, `role_id`, `power_id`, `create_by`, `create_time`, `update_by`, `update_time`, `remark`) VALUES ('1284022485632679937', '3', '474356363552755712', NULL, NULL, NULL, NULL, NULL);
INSERT INTO `sys_role_power` (`id`, `role_id`, `power_id`, `create_by`, `create_time`, `update_by`, `update_time`, `remark`) VALUES ('1284022485632679938', '3', '1', NULL, NULL, NULL, NULL, NULL);
INSERT INTO `sys_role_power` (`id`, `role_id`, `power_id`, `create_by`, `create_time`, `update_by`, `update_time`, `remark`) VALUES ('1284022485632679939', '3', '3', NULL, NULL, NULL, NULL, NULL);
INSERT INTO `sys_role_power` (`id`, `role_id`, `power_id`, `create_by`, `create_time`, `update_by`, `update_time`, `remark`) VALUES ('1284022485632679940', '3', '442359447487123456', NULL, NULL, NULL, NULL, NULL);
INSERT INTO `sys_role_power` (`id`, `role_id`, `power_id`, `create_by`, `create_time`, `update_by`, `update_time`, `remark`) VALUES ('1284022485632679941', '3', '4', NULL, NULL, NULL, NULL, NULL);
INSERT INTO `sys_role_power` (`id`, `role_id`, `power_id`, `create_by`, `create_time`, `update_by`, `update_time`, `remark`) VALUES ('1284022485632679942', '3', '442722702474743808', NULL, NULL, NULL, NULL, NULL);
INSERT INTO `sys_role_power` (`id`, `role_id`, `power_id`, `create_by`, `create_time`, `update_by`, `update_time`, `remark`) VALUES ('1284022485632679943', '3', '2', NULL, NULL, NULL, NULL, NULL);
INSERT INTO `sys_role_power` (`id`, `role_id`, `power_id`, `create_by`, `create_time`, `update_by`, `update_time`, `remark`) VALUES ('1284022485632679944', '3', '1284020948269268992', NULL, NULL, NULL, NULL, NULL);
INSERT INTO `sys_role_power` (`id`, `role_id`, `power_id`, `create_by`, `create_time`, `update_by`, `update_time`, `remark`) VALUES ('1284022485632679946', '3', '442418188639145984', NULL, NULL, NULL, NULL, NULL);
INSERT INTO `sys_role_power` (`id`, `role_id`, `power_id`, `create_by`, `create_time`, `update_by`, `update_time`, `remark`) VALUES ('1284022485632679947', '3', '694203021537574912', NULL, NULL, NULL, NULL, NULL);
INSERT INTO `sys_role_power` (`id`, `role_id`, `power_id`, `create_by`, `create_time`, `update_by`, `update_time`, `remark`) VALUES ('1284022485632679948', '3', '450300705362808832', NULL, NULL, NULL, NULL, NULL);
INSERT INTO `sys_role_power` (`id`, `role_id`, `power_id`, `create_by`, `create_time`, `update_by`, `update_time`, `remark`) VALUES ('1284022485632679949', '3', '442520236248403968', NULL, NULL, NULL, NULL, NULL);
INSERT INTO `sys_role_power` (`id`, `role_id`, `power_id`, `create_by`, `create_time`, `update_by`, `update_time`, `remark`) VALUES ('1284022485632679951', '3', '442650387514789888', NULL, NULL, NULL, NULL, NULL);
INSERT INTO `sys_role_power` (`id`, `role_id`, `power_id`, `create_by`, `create_time`, `update_by`, `update_time`, `remark`) VALUES ('1284022485632679952', '3', '442650770626711552', NULL, NULL, NULL, NULL, NULL);
INSERT INTO `sys_role_power` (`id`, `role_id`, `power_id`, `create_by`, `create_time`, `update_by`, `update_time`, `remark`) VALUES ('1284022485632679953', '3', '442651158935375872', NULL, NULL, NULL, NULL, NULL);
INSERT INTO `sys_role_power` (`id`, `role_id`, `power_id`, `create_by`, `create_time`, `update_by`, `update_time`, `remark`) VALUES ('1284022485632679954', '3', '451002662209589248', NULL, NULL, NULL, NULL, NULL);
INSERT INTO `sys_role_power` (`id`, `role_id`, `power_id`, `create_by`, `create_time`, `update_by`, `update_time`, `remark`) VALUES ('1284022485632679955', '3', '451003242072117248', NULL, NULL, NULL, NULL, NULL);
INSERT INTO `sys_role_power` (`id`, `role_id`, `power_id`, `create_by`, `create_time`, `update_by`, `update_time`, `remark`) VALUES ('1305379650364506112', '2', '474356044148117504', NULL, NULL, NULL, NULL, NULL);
INSERT INTO `sys_role_power` (`id`, `role_id`, `power_id`, `create_by`, `create_time`, `update_by`, `update_time`, `remark`) VALUES ('1305379650368700416', '2', '474356363552755712', NULL, NULL, NULL, NULL, NULL);
INSERT INTO `sys_role_power` (`id`, `role_id`, `power_id`, `create_by`, `create_time`, `update_by`, `update_time`, `remark`) VALUES ('1305379650368700417', '2', '2', NULL, NULL, NULL, NULL, NULL);
INSERT INTO `sys_role_power` (`id`, `role_id`, `power_id`, `create_by`, `create_time`, `update_by`, `update_time`, `remark`) VALUES ('1305379650368700418', '2', '1284020948269268992', NULL, NULL, NULL, NULL, NULL);
INSERT INTO `sys_role_power` (`id`, `role_id`, `power_id`, `create_by`, `create_time`, `update_by`, `update_time`, `remark`) VALUES ('1305379650368700419', '2', '450300705362808832', NULL, NULL, NULL, NULL, NULL);
INSERT INTO `sys_role_power` (`id`, `role_id`, `power_id`, `create_by`, `create_time`, `update_by`, `update_time`, `remark`) VALUES ('1305379650368700421', '2', '442418188639145984', NULL, NULL, NULL, NULL, NULL);
INSERT INTO `sys_role_power` (`id`, `role_id`, `power_id`, `create_by`, `create_time`, `update_by`, `update_time`, `remark`) VALUES ('1305379650368700422', '2', '694203021537574912', NULL, NULL, NULL, NULL, NULL);
INSERT INTO `sys_role_power` (`id`, `role_id`, `power_id`, `create_by`, `create_time`, `update_by`, `update_time`, `remark`) VALUES ('1305379650368700423', '2', '442520236248403968', NULL, NULL, NULL, NULL, NULL);
INSERT INTO `sys_role_power` (`id`, `role_id`, `power_id`, `create_by`, `create_time`, `update_by`, `update_time`, `remark`) VALUES ('1305379650368700425', '2', '442650387514789888', NULL, NULL, NULL, NULL, NULL);
INSERT INTO `sys_role_power` (`id`, `role_id`, `power_id`, `create_by`, `create_time`, `update_by`, `update_time`, `remark`) VALUES ('1305379650368700426', '2', '442650770626711552', NULL, NULL, NULL, NULL, NULL);
INSERT INTO `sys_role_power` (`id`, `role_id`, `power_id`, `create_by`, `create_time`, `update_by`, `update_time`, `remark`) VALUES ('1305379650368700427', '2', '442651158935375872', NULL, NULL, NULL, NULL, NULL);
INSERT INTO `sys_role_power` (`id`, `role_id`, `power_id`, `create_by`, `create_time`, `update_by`, `update_time`, `remark`) VALUES ('1305379650368700428', '2', '451002662209589248', NULL, NULL, NULL, NULL, NULL);
INSERT INTO `sys_role_power` (`id`, `role_id`, `power_id`, `create_by`, `create_time`, `update_by`, `update_time`, `remark`) VALUES ('1305379650368700429', '2', '451003242072117248', NULL, NULL, NULL, NULL, NULL);
INSERT INTO `sys_role_power` (`id`, `role_id`, `power_id`, `create_by`, `create_time`, `update_by`, `update_time`, `remark`) VALUES ('1308571532737380352', '1', '451002662209589248', NULL, NULL, NULL, NULL, NULL);
INSERT INTO `sys_role_power` (`id`, `role_id`, `power_id`, `create_by`, `create_time`, `update_by`, `update_time`, `remark`) VALUES ('1308571532737380353', '1', '451003242072117248', NULL, NULL, NULL, NULL, NULL);
INSERT INTO `sys_role_power` (`id`, `role_id`, `power_id`, `create_by`, `create_time`, `update_by`, `update_time`, `remark`) VALUES ('1308571532737380354', '1', '1305875436139446272', NULL, NULL, NULL, NULL, NULL);
INSERT INTO `sys_role_power` (`id`, `role_id`, `power_id`, `create_by`, `create_time`, `update_by`, `update_time`, `remark`) VALUES ('1308571532737380355', '1', '1', NULL, NULL, NULL, NULL, NULL);
INSERT INTO `sys_role_power` (`id`, `role_id`, `power_id`, `create_by`, `create_time`, `update_by`, `update_time`, `remark`) VALUES ('1308571532737380356', '1', '2', NULL, NULL, NULL, NULL, NULL);
INSERT INTO `sys_role_power` (`id`, `role_id`, `power_id`, `create_by`, `create_time`, `update_by`, `update_time`, `remark`) VALUES ('1308571532737380357', '1', '1284020948269268992', NULL, NULL, NULL, NULL, NULL);
INSERT INTO `sys_role_power` (`id`, `role_id`, `power_id`, `create_by`, `create_time`, `update_by`, `update_time`, `remark`) VALUES ('1308571532737380358', '1', '1284022967767924736', NULL, NULL, NULL, NULL, NULL);
INSERT INTO `sys_role_power` (`id`, `role_id`, `power_id`, `create_by`, `create_time`, `update_by`, `update_time`, `remark`) VALUES ('1308571532737380359', '1', '3', NULL, NULL, NULL, NULL, NULL);
INSERT INTO `sys_role_power` (`id`, `role_id`, `power_id`, `create_by`, `create_time`, `update_by`, `update_time`, `remark`) VALUES ('1308571532737380360', '1', '442359447487123456', NULL, NULL, NULL, NULL, NULL);
INSERT INTO `sys_role_power` (`id`, `role_id`, `power_id`, `create_by`, `create_time`, `update_by`, `update_time`, `remark`) VALUES ('1308571532737380361', '1', '4', NULL, NULL, NULL, NULL, NULL);
INSERT INTO `sys_role_power` (`id`, `role_id`, `power_id`, `create_by`, `create_time`, `update_by`, `update_time`, `remark`) VALUES ('1308571532737380362', '1', '1304387665067507712', NULL, NULL, NULL, NULL, NULL);
INSERT INTO `sys_role_power` (`id`, `role_id`, `power_id`, `create_by`, `create_time`, `update_by`, `update_time`, `remark`) VALUES ('1308571532737380363', '1', '450300705362808832', NULL, NULL, NULL, NULL, NULL);
INSERT INTO `sys_role_power` (`id`, `role_id`, `power_id`, `create_by`, `create_time`, `update_by`, `update_time`, `remark`) VALUES ('1308571532737380364', '1', '1304793451996381184', NULL, NULL, NULL, NULL, NULL);
INSERT INTO `sys_role_power` (`id`, `role_id`, `power_id`, `create_by`, `create_time`, `update_by`, `update_time`, `remark`) VALUES ('1308571532737380365', '1', '1307299332784914432', NULL, NULL, NULL, NULL, NULL);
INSERT INTO `sys_role_power` (`id`, `role_id`, `power_id`, `create_by`, `create_time`, `update_by`, `update_time`, `remark`) VALUES ('1308571532737380366', '1', '442650387514789888', NULL, NULL, NULL, NULL, NULL);
INSERT INTO `sys_role_power` (`id`, `role_id`, `power_id`, `create_by`, `create_time`, `update_by`, `update_time`, `remark`) VALUES ('1308571532737380367', '1', '442650770626711552', NULL, NULL, NULL, NULL, NULL);
INSERT INTO `sys_role_power` (`id`, `role_id`, `power_id`, `create_by`, `create_time`, `update_by`, `update_time`, `remark`) VALUES ('1308571532737380368', '1', '442651158935375872', NULL, NULL, NULL, NULL, NULL);
INSERT INTO `sys_role_power` (`id`, `role_id`, `power_id`, `create_by`, `create_time`, `update_by`, `update_time`, `remark`) VALUES ('1308571532737380369', '1', '694203021537574912', NULL, NULL, NULL, NULL, NULL);
INSERT INTO `sys_role_power` (`id`, `role_id`, `power_id`, `create_by`, `create_time`, `update_by`, `update_time`, `remark`) VALUES ('1308571532737380370', '1', '442520236248403968', NULL, NULL, NULL, NULL, NULL);
INSERT INTO `sys_role_power` (`id`, `role_id`, `power_id`, `create_by`, `create_time`, `update_by`, `update_time`, `remark`) VALUES ('1308571532737380373', '1', '442418188639145984', NULL, NULL, NULL, NULL, NULL);
INSERT INTO `sys_role_power` (`id`, `role_id`, `power_id`, `create_by`, `create_time`, `update_by`, `update_time`, `remark`) VALUES ('1308571532737380376', '1', '1307562519451140096', NULL, NULL, NULL, NULL, NULL);
INSERT INTO `sys_role_power` (`id`, `role_id`, `power_id`, `create_by`, `create_time`, `update_by`, `update_time`, `remark`) VALUES ('1308571532737380377', '1', '1308571483794046976', NULL, NULL, NULL, NULL, NULL);
INSERT INTO `sys_role_power` (`id`, `role_id`, `power_id`, `create_by`, `create_time`, `update_by`, `update_time`, `remark`) VALUES ('1313147486356897792', '1310215420371795968', '451002662209589248', NULL, NULL, NULL, NULL, NULL);
INSERT INTO `sys_role_power` (`id`, `role_id`, `power_id`, `create_by`, `create_time`, `update_by`, `update_time`, `remark`) VALUES ('1313147486356897793', '1310215420371795968', '1', NULL, NULL, NULL, NULL, NULL);
INSERT INTO `sys_role_power` (`id`, `role_id`, `power_id`, `create_by`, `create_time`, `update_by`, `update_time`, `remark`) VALUES ('1313147486356897794', '1310215420371795968', '2', NULL, NULL, NULL, NULL, NULL);
INSERT INTO `sys_role_power` (`id`, `role_id`, `power_id`, `create_by`, `create_time`, `update_by`, `update_time`, `remark`) VALUES ('1313147486356897795', '1310215420371795968', '3', NULL, NULL, NULL, NULL, NULL);
INSERT INTO `sys_role_power` (`id`, `role_id`, `power_id`, `create_by`, `create_time`, `update_by`, `update_time`, `remark`) VALUES ('1313147486356897796', '1310215420371795968', '4', NULL, NULL, NULL, NULL, NULL);
INSERT INTO `sys_role_power` (`id`, `role_id`, `power_id`, `create_by`, `create_time`, `update_by`, `update_time`, `remark`) VALUES ('1313147486356897797', '1310215420371795968', '1304387665067507712', NULL, NULL, NULL, NULL, NULL);
INSERT INTO `sys_role_power` (`id`, `role_id`, `power_id`, `create_by`, `create_time`, `update_by`, `update_time`, `remark`) VALUES ('1313147486356897798', '1310215420371795968', '450300705362808832', NULL, NULL, NULL, NULL, NULL);
INSERT INTO `sys_role_power` (`id`, `role_id`, `power_id`, `create_by`, `create_time`, `update_by`, `update_time`, `remark`) VALUES ('1313147486356897799', '1310215420371795968', '1304793451996381184', NULL, NULL, NULL, NULL, NULL);
INSERT INTO `sys_role_power` (`id`, `role_id`, `power_id`, `create_by`, `create_time`, `update_by`, `update_time`, `remark`) VALUES ('1313147486356897800', '1310215420371795968', '1307299332784914432', NULL, NULL, NULL, NULL, NULL);
INSERT INTO `sys_role_power` (`id`, `role_id`, `power_id`, `create_by`, `create_time`, `update_by`, `update_time`, `remark`) VALUES ('1313147486356897801', '1310215420371795968', '1313142171393589248', NULL, NULL, NULL, NULL, NULL);
INSERT INTO `sys_role_power` (`id`, `role_id`, `power_id`, `create_by`, `create_time`, `update_by`, `update_time`, `remark`) VALUES ('1313147486356897802', '1310215420371795968', '1313142510486290432', NULL, NULL, NULL, NULL, NULL);
INSERT INTO `sys_role_power` (`id`, `role_id`, `power_id`, `create_by`, `create_time`, `update_by`, `update_time`, `remark`) VALUES ('1313147486356897803', '1310215420371795968', '442650387514789888', NULL, NULL, NULL, NULL, NULL);
INSERT INTO `sys_role_power` (`id`, `role_id`, `power_id`, `create_by`, `create_time`, `update_by`, `update_time`, `remark`) VALUES ('1313147486356897804', '1310215420371795968', '694203021537574912', NULL, NULL, NULL, NULL, NULL);
INSERT INTO `sys_role_power` (`id`, `role_id`, `power_id`, `create_by`, `create_time`, `update_by`, `update_time`, `remark`) VALUES ('1320969221462556672', '1320969145759563776', '451002662209589248', NULL, NULL, NULL, NULL, NULL);
INSERT INTO `sys_role_power` (`id`, `role_id`, `power_id`, `create_by`, `create_time`, `update_by`, `update_time`, `remark`) VALUES ('1320969221462556673', '1320969145759563776', '451003242072117248', NULL, NULL, NULL, NULL, NULL);
INSERT INTO `sys_role_power` (`id`, `role_id`, `power_id`, `create_by`, `create_time`, `update_by`, `update_time`, `remark`) VALUES ('1320969221462556674', '1320969145759563776', '1305875436139446272', NULL, NULL, NULL, NULL, NULL);
INSERT INTO `sys_role_power` (`id`, `role_id`, `power_id`, `create_by`, `create_time`, `update_by`, `update_time`, `remark`) VALUES ('1480861750134833152', '1480860384368787456', '1', NULL, NULL, NULL, NULL, NULL);
INSERT INTO `sys_role_power` (`id`, `role_id`, `power_id`, `create_by`, `create_time`, `update_by`, `update_time`, `remark`) VALUES ('1480861750134833153', '1480860384368787456', '1322085079861690368', NULL, NULL, NULL, NULL, NULL);
INSERT INTO `sys_role_power` (`id`, `role_id`, `power_id`, `create_by`, `create_time`, `update_by`, `update_time`, `remark`) VALUES ('1480861750134833154', '1480860384368787456', '1322085393021009920', NULL, NULL, NULL, NULL, NULL);
INSERT INTO `sys_role_power` (`id`, `role_id`, `power_id`, `create_by`, `create_time`, `update_by`, `update_time`, `remark`) VALUES ('1480861750134833155', '1480860384368787456', '1322085270392143872', NULL, NULL, NULL, NULL, NULL);
INSERT INTO `sys_role_power` (`id`, `role_id`, `power_id`, `create_by`, `create_time`, `update_by`, `update_time`, `remark`) VALUES ('1480861750134833156', '1480860384368787456', '1322085497798918144', NULL, NULL, NULL, NULL, NULL);
INSERT INTO `sys_role_power` (`id`, `role_id`, `power_id`, `create_by`, `create_time`, `update_by`, `update_time`, `remark`) VALUES ('1480861750134833157', '1480860384368787456', '1322085659766161408', NULL, NULL, NULL, NULL, NULL);
INSERT INTO `sys_role_power` (`id`, `role_id`, `power_id`, `create_by`, `create_time`, `update_by`, `update_time`, `remark`) VALUES ('1480861750134833158', '1480860384368787456', '3', NULL, NULL, NULL, NULL, NULL);
INSERT INTO `sys_role_power` (`id`, `role_id`, `power_id`, `create_by`, `create_time`, `update_by`, `update_time`, `remark`) VALUES ('1480861750134833159', '1480860384368787456', '1310209696916832256', NULL, NULL, NULL, NULL, NULL);
INSERT INTO `sys_role_power` (`id`, `role_id`, `power_id`, `create_by`, `create_time`, `update_by`, `update_time`, `remark`) VALUES ('1480861750134833160', '1480860384368787456', '1310209900478988288', NULL, NULL, NULL, NULL, NULL);
INSERT INTO `sys_role_power` (`id`, `role_id`, `power_id`, `create_by`, `create_time`, `update_by`, `update_time`, `remark`) VALUES ('1480861750134833161', '1480860384368787456', '1310210054728712192', NULL, NULL, NULL, NULL, NULL);
INSERT INTO `sys_role_power` (`id`, `role_id`, `power_id`, `create_by`, `create_time`, `update_by`, `update_time`, `remark`) VALUES ('1480861750134833162', '1480860384368787456', '1310211965188046848', NULL, NULL, NULL, NULL, NULL);
INSERT INTO `sys_role_power` (`id`, `role_id`, `power_id`, `create_by`, `create_time`, `update_by`, `update_time`, `remark`) VALUES ('1480861750134833163', '1480860384368787456', '442359447487123456', NULL, NULL, NULL, NULL, NULL);
INSERT INTO `sys_role_power` (`id`, `role_id`, `power_id`, `create_by`, `create_time`, `update_by`, `update_time`, `remark`) VALUES ('1480861750134833164', '1480860384368787456', '1315584471046553600', NULL, NULL, NULL, NULL, NULL);
INSERT INTO `sys_role_power` (`id`, `role_id`, `power_id`, `create_by`, `create_time`, `update_by`, `update_time`, `remark`) VALUES ('1480861750134833165', '1480860384368787456', '1316558444790022144', NULL, NULL, NULL, NULL, NULL);
INSERT INTO `sys_role_power` (`id`, `role_id`, `power_id`, `create_by`, `create_time`, `update_by`, `update_time`, `remark`) VALUES ('1480861750134833166', '1480860384368787456', '1316558556102656000', NULL, NULL, NULL, NULL, NULL);
INSERT INTO `sys_role_power` (`id`, `role_id`, `power_id`, `create_by`, `create_time`, `update_by`, `update_time`, `remark`) VALUES ('1480861750134833167', '1480860384368787456', '1317555660455411712', NULL, NULL, NULL, NULL, NULL);
INSERT INTO `sys_role_power` (`id`, `role_id`, `power_id`, `create_by`, `create_time`, `update_by`, `update_time`, `remark`) VALUES ('1480861750134833168', '1480860384368787456', '1316558685442408448', NULL, NULL, NULL, NULL, NULL);
INSERT INTO `sys_role_power` (`id`, `role_id`, `power_id`, `create_by`, `create_time`, `update_by`, `update_time`, `remark`) VALUES ('1480861750134833169', '1480860384368787456', '1480859574486433792', NULL, NULL, NULL, NULL, NULL);
INSERT INTO `sys_role_power` (`id`, `role_id`, `power_id`, `create_by`, `create_time`, `update_by`, `update_time`, `remark`) VALUES ('1480861750134833170', '1480860384368787456', '1480855640145395712', NULL, NULL, NULL, NULL, NULL);
INSERT INTO `sys_role_power` (`id`, `role_id`, `power_id`, `create_by`, `create_time`, `update_by`, `update_time`, `remark`) VALUES ('1480861750134833171', '1480860384368787456', '1480857732356505600', NULL, NULL, NULL, NULL, NULL);
INSERT INTO `sys_role_power` (`id`, `role_id`, `power_id`, `create_by`, `create_time`, `update_by`, `update_time`, `remark`) VALUES ('1480861750134833172', '1480860384368787456', '1480856826932101120', NULL, NULL, NULL, NULL, NULL);
INSERT INTO `sys_role_power` (`id`, `role_id`, `power_id`, `create_by`, `create_time`, `update_by`, `update_time`, `remark`) VALUES ('1480861750134833173', '1480860384368787456', '1480857191098351616', NULL, NULL, NULL, NULL, NULL);
INSERT INTO `sys_role_power` (`id`, `role_id`, `power_id`, `create_by`, `create_time`, `update_by`, `update_time`, `remark`) VALUES ('1480861750134833174', '1480860384368787456', '1480858023768358912', NULL, NULL, NULL, NULL, NULL);
INSERT INTO `sys_role_power` (`id`, `role_id`, `power_id`, `create_by`, `create_time`, `update_by`, `update_time`, `remark`) VALUES ('1480861847132307456', '1480860133817843712', '1', NULL, NULL, NULL, NULL, NULL);
INSERT INTO `sys_role_power` (`id`, `role_id`, `power_id`, `create_by`, `create_time`, `update_by`, `update_time`, `remark`) VALUES ('1480861847132307457', '1480860133817843712', '1322085079861690368', NULL, NULL, NULL, NULL, NULL);
INSERT INTO `sys_role_power` (`id`, `role_id`, `power_id`, `create_by`, `create_time`, `update_by`, `update_time`, `remark`) VALUES ('1480861847132307458', '1480860133817843712', '1322085393021009920', NULL, NULL, NULL, NULL, NULL);
INSERT INTO `sys_role_power` (`id`, `role_id`, `power_id`, `create_by`, `create_time`, `update_by`, `update_time`, `remark`) VALUES ('1480861847132307459', '1480860133817843712', '1322085270392143872', NULL, NULL, NULL, NULL, NULL);
INSERT INTO `sys_role_power` (`id`, `role_id`, `power_id`, `create_by`, `create_time`, `update_by`, `update_time`, `remark`) VALUES ('1480861847132307460', '1480860133817843712', '1322085497798918144', NULL, NULL, NULL, NULL, NULL);
INSERT INTO `sys_role_power` (`id`, `role_id`, `power_id`, `create_by`, `create_time`, `update_by`, `update_time`, `remark`) VALUES ('1480861847132307461', '1480860133817843712', '1322085659766161408', NULL, NULL, NULL, NULL, NULL);
INSERT INTO `sys_role_power` (`id`, `role_id`, `power_id`, `create_by`, `create_time`, `update_by`, `update_time`, `remark`) VALUES ('1480861847132307462', '1480860133817843712', '3', NULL, NULL, NULL, NULL, NULL);
INSERT INTO `sys_role_power` (`id`, `role_id`, `power_id`, `create_by`, `create_time`, `update_by`, `update_time`, `remark`) VALUES ('1480861847132307463', '1480860133817843712', '1310209696916832256', NULL, NULL, NULL, NULL, NULL);
INSERT INTO `sys_role_power` (`id`, `role_id`, `power_id`, `create_by`, `create_time`, `update_by`, `update_time`, `remark`) VALUES ('1480861847132307464', '1480860133817843712', '1310209900478988288', NULL, NULL, NULL, NULL, NULL);
INSERT INTO `sys_role_power` (`id`, `role_id`, `power_id`, `create_by`, `create_time`, `update_by`, `update_time`, `remark`) VALUES ('1480861847132307465', '1480860133817843712', '1310210054728712192', NULL, NULL, NULL, NULL, NULL);
INSERT INTO `sys_role_power` (`id`, `role_id`, `power_id`, `create_by`, `create_time`, `update_by`, `update_time`, `remark`) VALUES ('1480861847132307466', '1480860133817843712', '1310211965188046848', NULL, NULL, NULL, NULL, NULL);
INSERT INTO `sys_role_power` (`id`, `role_id`, `power_id`, `create_by`, `create_time`, `update_by`, `update_time`, `remark`) VALUES ('1480861847132307467', '1480860133817843712', '442359447487123456', NULL, NULL, NULL, NULL, NULL);
INSERT INTO `sys_role_power` (`id`, `role_id`, `power_id`, `create_by`, `create_time`, `update_by`, `update_time`, `remark`) VALUES ('1480861847132307468', '1480860133817843712', '1315584471046553600', NULL, NULL, NULL, NULL, NULL);
INSERT INTO `sys_role_power` (`id`, `role_id`, `power_id`, `create_by`, `create_time`, `update_by`, `update_time`, `remark`) VALUES ('1480861847132307469', '1480860133817843712', '1316558444790022144', NULL, NULL, NULL, NULL, NULL);
INSERT INTO `sys_role_power` (`id`, `role_id`, `power_id`, `create_by`, `create_time`, `update_by`, `update_time`, `remark`) VALUES ('1480861847132307470', '1480860133817843712', '1316558556102656000', NULL, NULL, NULL, NULL, NULL);
INSERT INTO `sys_role_power` (`id`, `role_id`, `power_id`, `create_by`, `create_time`, `update_by`, `update_time`, `remark`) VALUES ('1480861847132307471', '1480860133817843712', '1317555660455411712', NULL, NULL, NULL, NULL, NULL);
INSERT INTO `sys_role_power` (`id`, `role_id`, `power_id`, `create_by`, `create_time`, `update_by`, `update_time`, `remark`) VALUES ('1480861847132307472', '1480860133817843712', '1316558685442408448', NULL, NULL, NULL, NULL, NULL);
INSERT INTO `sys_role_power` (`id`, `role_id`, `power_id`, `create_by`, `create_time`, `update_by`, `update_time`, `remark`) VALUES ('1480861847132307473', '1480860133817843712', '1480859574486433792', NULL, NULL, NULL, NULL, NULL);
INSERT INTO `sys_role_power` (`id`, `role_id`, `power_id`, `create_by`, `create_time`, `update_by`, `update_time`, `remark`) VALUES ('1480861847132307474', '1480860133817843712', '1480855640145395712', NULL, NULL, NULL, NULL, NULL);
INSERT INTO `sys_role_power` (`id`, `role_id`, `power_id`, `create_by`, `create_time`, `update_by`, `update_time`, `remark`) VALUES ('1480861847132307475', '1480860133817843712', '1480857732356505600', NULL, NULL, NULL, NULL, NULL);
INSERT INTO `sys_role_power` (`id`, `role_id`, `power_id`, `create_by`, `create_time`, `update_by`, `update_time`, `remark`) VALUES ('1480861847132307476', '1480860133817843712', '1480856826932101120', NULL, NULL, NULL, NULL, NULL);
INSERT INTO `sys_role_power` (`id`, `role_id`, `power_id`, `create_by`, `create_time`, `update_by`, `update_time`, `remark`) VALUES ('1480861847132307477', '1480860133817843712', '1480857191098351616', NULL, NULL, NULL, NULL, NULL);
INSERT INTO `sys_role_power` (`id`, `role_id`, `power_id`, `create_by`, `create_time`, `update_by`, `update_time`, `remark`) VALUES ('1480861847132307478', '1480860133817843712', '1480858023768358912', NULL, NULL, NULL, NULL, NULL);
INSERT INTO `sys_role_power` (`id`, `role_id`, `power_id`, `create_by`, `create_time`, `update_by`, `update_time`, `remark`) VALUES ('1480861929655238656', '1480860500660060160', '1480855640145395712', NULL, NULL, NULL, NULL, NULL);
INSERT INTO `sys_role_power` (`id`, `role_id`, `power_id`, `create_by`, `create_time`, `update_by`, `update_time`, `remark`) VALUES ('1480861929655238657', '1480860500660060160', '1480857732356505600', NULL, NULL, NULL, NULL, NULL);
INSERT INTO `sys_role_power` (`id`, `role_id`, `power_id`, `create_by`, `create_time`, `update_by`, `update_time`, `remark`) VALUES ('1480861929655238658', '1480860500660060160', '1480856826932101120', NULL, NULL, NULL, NULL, NULL);
INSERT INTO `sys_role_power` (`id`, `role_id`, `power_id`, `create_by`, `create_time`, `update_by`, `update_time`, `remark`) VALUES ('1480861929655238659', '1480860500660060160', '1480857191098351616', NULL, NULL, NULL, NULL, NULL);
INSERT INTO `sys_role_power` (`id`, `role_id`, `power_id`, `create_by`, `create_time`, `update_by`, `update_time`, `remark`) VALUES ('1480861929655238660', '1480860500660060160', '1480858023768358912', NULL, NULL, NULL, NULL, NULL);
INSERT INTO `sys_role_power` (`id`, `role_id`, `power_id`, `create_by`, `create_time`, `update_by`, `update_time`, `remark`) VALUES ('1480903302374752256', '1309851245195821056', '1', NULL, NULL, NULL, NULL, NULL);
INSERT INTO `sys_role_power` (`id`, `role_id`, `power_id`, `create_by`, `create_time`, `update_by`, `update_time`, `remark`) VALUES ('1480903302374752257', '1309851245195821056', '1322085079861690368', NULL, NULL, NULL, NULL, NULL);
INSERT INTO `sys_role_power` (`id`, `role_id`, `power_id`, `create_by`, `create_time`, `update_by`, `update_time`, `remark`) VALUES ('1480903302374752258', '1309851245195821056', '1322085393021009920', NULL, NULL, NULL, NULL, NULL);
INSERT INTO `sys_role_power` (`id`, `role_id`, `power_id`, `create_by`, `create_time`, `update_by`, `update_time`, `remark`) VALUES ('1480903302374752259', '1309851245195821056', '1322085270392143872', NULL, NULL, NULL, NULL, NULL);
INSERT INTO `sys_role_power` (`id`, `role_id`, `power_id`, `create_by`, `create_time`, `update_by`, `update_time`, `remark`) VALUES ('1480903302374752260', '1309851245195821056', '1322085497798918144', NULL, NULL, NULL, NULL, NULL);
INSERT INTO `sys_role_power` (`id`, `role_id`, `power_id`, `create_by`, `create_time`, `update_by`, `update_time`, `remark`) VALUES ('1480903302374752261', '1309851245195821056', '1322085659766161408', NULL, NULL, NULL, NULL, NULL);
INSERT INTO `sys_role_power` (`id`, `role_id`, `power_id`, `create_by`, `create_time`, `update_by`, `update_time`, `remark`) VALUES ('1480903302374752262', '1309851245195821056', '3', NULL, NULL, NULL, NULL, NULL);
INSERT INTO `sys_role_power` (`id`, `role_id`, `power_id`, `create_by`, `create_time`, `update_by`, `update_time`, `remark`) VALUES ('1480903302374752263', '1309851245195821056', '1310209696916832256', NULL, NULL, NULL, NULL, NULL);
INSERT INTO `sys_role_power` (`id`, `role_id`, `power_id`, `create_by`, `create_time`, `update_by`, `update_time`, `remark`) VALUES ('1480903302374752264', '1309851245195821056', '1310209900478988288', NULL, NULL, NULL, NULL, NULL);
INSERT INTO `sys_role_power` (`id`, `role_id`, `power_id`, `create_by`, `create_time`, `update_by`, `update_time`, `remark`) VALUES ('1480903302374752265', '1309851245195821056', '1310210054728712192', NULL, NULL, NULL, NULL, NULL);
INSERT INTO `sys_role_power` (`id`, `role_id`, `power_id`, `create_by`, `create_time`, `update_by`, `update_time`, `remark`) VALUES ('1480903302374752266', '1309851245195821056', '1310211965188046848', NULL, NULL, NULL, NULL, NULL);
INSERT INTO `sys_role_power` (`id`, `role_id`, `power_id`, `create_by`, `create_time`, `update_by`, `update_time`, `remark`) VALUES ('1480903302374752267', '1309851245195821056', '442359447487123456', NULL, NULL, NULL, NULL, NULL);
INSERT INTO `sys_role_power` (`id`, `role_id`, `power_id`, `create_by`, `create_time`, `update_by`, `update_time`, `remark`) VALUES ('1480903302374752268', '1309851245195821056', '1315584471046553600', NULL, NULL, NULL, NULL, NULL);
INSERT INTO `sys_role_power` (`id`, `role_id`, `power_id`, `create_by`, `create_time`, `update_by`, `update_time`, `remark`) VALUES ('1480903302374752269', '1309851245195821056', '1316558444790022144', NULL, NULL, NULL, NULL, NULL);
INSERT INTO `sys_role_power` (`id`, `role_id`, `power_id`, `create_by`, `create_time`, `update_by`, `update_time`, `remark`) VALUES ('1480903302374752270', '1309851245195821056', '1316558556102656000', NULL, NULL, NULL, NULL, NULL);
INSERT INTO `sys_role_power` (`id`, `role_id`, `power_id`, `create_by`, `create_time`, `update_by`, `update_time`, `remark`) VALUES ('1480903302374752271', '1309851245195821056', '1317555660455411712', NULL, NULL, NULL, NULL, NULL);
INSERT INTO `sys_role_power` (`id`, `role_id`, `power_id`, `create_by`, `create_time`, `update_by`, `update_time`, `remark`) VALUES ('1480903302374752272', '1309851245195821056', '1316558685442408448', NULL, NULL, NULL, NULL, NULL);
INSERT INTO `sys_role_power` (`id`, `role_id`, `power_id`, `create_by`, `create_time`, `update_by`, `update_time`, `remark`) VALUES ('1480903302374752273', '1309851245195821056', '1480859574486433792', NULL, NULL, NULL, NULL, NULL);
INSERT INTO `sys_role_power` (`id`, `role_id`, `power_id`, `create_by`, `create_time`, `update_by`, `update_time`, `remark`) VALUES ('1480903302374752274', '1309851245195821056', '4', NULL, NULL, NULL, NULL, NULL);
INSERT INTO `sys_role_power` (`id`, `role_id`, `power_id`, `create_by`, `create_time`, `update_by`, `update_time`, `remark`) VALUES ('1480903302374752275', '1309851245195821056', '1310226416867999744', NULL, NULL, NULL, NULL, NULL);
INSERT INTO `sys_role_power` (`id`, `role_id`, `power_id`, `create_by`, `create_time`, `update_by`, `update_time`, `remark`) VALUES ('1480903302374752276', '1309851245195821056', '1310226976593674240', NULL, NULL, NULL, NULL, NULL);
INSERT INTO `sys_role_power` (`id`, `role_id`, `power_id`, `create_by`, `create_time`, `update_by`, `update_time`, `remark`) VALUES ('1480903302374752277', '1309851245195821056', '1310227130998587392', NULL, NULL, NULL, NULL, NULL);
INSERT INTO `sys_role_power` (`id`, `role_id`, `power_id`, `create_by`, `create_time`, `update_by`, `update_time`, `remark`) VALUES ('1480903302374752278', '1309851245195821056', '1310227300935008256', NULL, NULL, NULL, NULL, NULL);
INSERT INTO `sys_role_power` (`id`, `role_id`, `power_id`, `create_by`, `create_time`, `update_by`, `update_time`, `remark`) VALUES ('1480903302374752279', '1309851245195821056', '1349279791521464320', NULL, NULL, NULL, NULL, NULL);
INSERT INTO `sys_role_power` (`id`, `role_id`, `power_id`, `create_by`, `create_time`, `update_by`, `update_time`, `remark`) VALUES ('1480903302374752280', '1309851245195821056', '1349637786285637632', NULL, NULL, NULL, NULL, NULL);
INSERT INTO `sys_role_power` (`id`, `role_id`, `power_id`, `create_by`, `create_time`, `update_by`, `update_time`, `remark`) VALUES ('1480903302374752281', '1309851245195821056', '1349638479767666688', NULL, NULL, NULL, NULL, NULL);
INSERT INTO `sys_role_power` (`id`, `role_id`, `power_id`, `create_by`, `create_time`, `update_by`, `update_time`, `remark`) VALUES ('1480903302374752282', '1309851245195821056', '1349636919478190080', NULL, NULL, NULL, NULL, NULL);
INSERT INTO `sys_role_power` (`id`, `role_id`, `power_id`, `create_by`, `create_time`, `update_by`, `update_time`, `remark`) VALUES ('1480903302374752283', '1309851245195821056', '1349636574442160128', NULL, NULL, NULL, NULL, NULL);
INSERT INTO `sys_role_power` (`id`, `role_id`, `power_id`, `create_by`, `create_time`, `update_by`, `update_time`, `remark`) VALUES ('1480903302374752284', '1309851245195821056', '694203021537574912', NULL, NULL, NULL, NULL, NULL);
INSERT INTO `sys_role_power` (`id`, `role_id`, `power_id`, `create_by`, `create_time`, `update_by`, `update_time`, `remark`) VALUES ('1480903302374752285', '1309851245195821056', '1330865171429588992', NULL, NULL, NULL, NULL, NULL);
INSERT INTO `sys_role_power` (`id`, `role_id`, `power_id`, `create_by`, `create_time`, `update_by`, `update_time`, `remark`) VALUES ('1480903302374752286', '1309851245195821056', '1348562759603716096', NULL, NULL, NULL, NULL, NULL);
INSERT INTO `sys_role_power` (`id`, `role_id`, `power_id`, `create_by`, `create_time`, `update_by`, `update_time`, `remark`) VALUES ('1480903302374752287', '1309851245195821056', '1349016358033031168', NULL, NULL, NULL, NULL, NULL);
INSERT INTO `sys_role_power` (`id`, `role_id`, `power_id`, `create_by`, `create_time`, `update_by`, `update_time`, `remark`) VALUES ('1480903302374752288', '1309851245195821056', '450300705362808832', NULL, NULL, NULL, NULL, NULL);
INSERT INTO `sys_role_power` (`id`, `role_id`, `power_id`, `create_by`, `create_time`, `update_by`, `update_time`, `remark`) VALUES ('1480903302374752289', '1309851245195821056', '1310232350285627392', NULL, NULL, NULL, NULL, NULL);
INSERT INTO `sys_role_power` (`id`, `role_id`, `power_id`, `create_by`, `create_time`, `update_by`, `update_time`, `remark`) VALUES ('1480903302374752290', '1309851245195821056', '1310232462562951168', NULL, NULL, NULL, NULL, NULL);
INSERT INTO `sys_role_power` (`id`, `role_id`, `power_id`, `create_by`, `create_time`, `update_by`, `update_time`, `remark`) VALUES ('1480903302374752291', '1309851245195821056', '1304793451996381184', NULL, NULL, NULL, NULL, NULL);
INSERT INTO `sys_role_power` (`id`, `role_id`, `power_id`, `create_by`, `create_time`, `update_by`, `update_time`, `remark`) VALUES ('1480903302374752292', '1309851245195821056', '1310243862937075712', NULL, NULL, NULL, NULL, NULL);
INSERT INTO `sys_role_power` (`id`, `role_id`, `power_id`, `create_by`, `create_time`, `update_by`, `update_time`, `remark`) VALUES ('1480903302374752293', '1309851245195821056', '1310244103824343040', NULL, NULL, NULL, NULL, NULL);
INSERT INTO `sys_role_power` (`id`, `role_id`, `power_id`, `create_by`, `create_time`, `update_by`, `update_time`, `remark`) VALUES ('1480903302374752294', '1309851245195821056', '1310244248884346880', NULL, NULL, NULL, NULL, NULL);
INSERT INTO `sys_role_power` (`id`, `role_id`, `power_id`, `create_by`, `create_time`, `update_by`, `update_time`, `remark`) VALUES ('1480903302374752295', '1309851245195821056', '1307299332784914432', NULL, NULL, NULL, NULL, NULL);
INSERT INTO `sys_role_power` (`id`, `role_id`, `power_id`, `create_by`, `create_time`, `update_by`, `update_time`, `remark`) VALUES ('1480903302374752296', '1309851245195821056', '1310238229588344832', NULL, NULL, NULL, NULL, NULL);
INSERT INTO `sys_role_power` (`id`, `role_id`, `power_id`, `create_by`, `create_time`, `update_by`, `update_time`, `remark`) VALUES ('1480903302374752297', '1309851245195821056', '1310238417082122240', NULL, NULL, NULL, NULL, NULL);
INSERT INTO `sys_role_power` (`id`, `role_id`, `power_id`, `create_by`, `create_time`, `update_by`, `update_time`, `remark`) VALUES ('1480903302374752298', '1309851245195821056', '1310238574355939328', NULL, NULL, NULL, NULL, NULL);
INSERT INTO `sys_role_power` (`id`, `role_id`, `power_id`, `create_by`, `create_time`, `update_by`, `update_time`, `remark`) VALUES ('1480903302374752299', '1309851245195821056', '1310238700705153024', NULL, NULL, NULL, NULL, NULL);
INSERT INTO `sys_role_power` (`id`, `role_id`, `power_id`, `create_by`, `create_time`, `update_by`, `update_time`, `remark`) VALUES ('1480903302374752300', '1309851245195821056', '1304387665067507712', NULL, NULL, NULL, NULL, NULL);
INSERT INTO `sys_role_power` (`id`, `role_id`, `power_id`, `create_by`, `create_time`, `update_by`, `update_time`, `remark`) VALUES ('1480903302374752301', '1309851245195821056', '1310405161587310592', NULL, NULL, NULL, NULL, NULL);
INSERT INTO `sys_role_power` (`id`, `role_id`, `power_id`, `create_by`, `create_time`, `update_by`, `update_time`, `remark`) VALUES ('1480903302374752302', '1309851245195821056', '1310404584291696640', NULL, NULL, NULL, NULL, NULL);
INSERT INTO `sys_role_power` (`id`, `role_id`, `power_id`, `create_by`, `create_time`, `update_by`, `update_time`, `remark`) VALUES ('1480903302374752303', '1309851245195821056', '1310402491631796224', NULL, NULL, NULL, NULL, NULL);
INSERT INTO `sys_role_power` (`id`, `role_id`, `power_id`, `create_by`, `create_time`, `update_by`, `update_time`, `remark`) VALUES ('1480903302374752304', '1309851245195821056', '1310402688881524736', NULL, NULL, NULL, NULL, NULL);
INSERT INTO `sys_role_power` (`id`, `role_id`, `power_id`, `create_by`, `create_time`, `update_by`, `update_time`, `remark`) VALUES ('1480903302374752305', '1309851245195821056', '1310404705934901248', NULL, NULL, NULL, NULL, NULL);
INSERT INTO `sys_role_power` (`id`, `role_id`, `power_id`, `create_by`, `create_time`, `update_by`, `update_time`, `remark`) VALUES ('1480903302374752306', '1309851245195821056', '1310403004406431744', NULL, NULL, NULL, NULL, NULL);
INSERT INTO `sys_role_power` (`id`, `role_id`, `power_id`, `create_by`, `create_time`, `update_by`, `update_time`, `remark`) VALUES ('1480903302374752307', '1309851245195821056', '1310402817776680960', NULL, NULL, NULL, NULL, NULL);
INSERT INTO `sys_role_power` (`id`, `role_id`, `power_id`, `create_by`, `create_time`, `update_by`, `update_time`, `remark`) VALUES ('1480903302374752308', '1309851245195821056', '1310404831407505408', NULL, NULL, NULL, NULL, NULL);
INSERT INTO `sys_role_power` (`id`, `role_id`, `power_id`, `create_by`, `create_time`, `update_by`, `update_time`, `remark`) VALUES ('1480903302374752309', '1309851245195821056', '1310404999599095808', NULL, NULL, NULL, NULL, NULL);
INSERT INTO `sys_role_power` (`id`, `role_id`, `power_id`, `create_by`, `create_time`, `update_by`, `update_time`, `remark`) VALUES ('1480903302374752310', '1309851245195821056', '1370412169610395648', NULL, NULL, NULL, NULL, NULL);
INSERT INTO `sys_role_power` (`id`, `role_id`, `power_id`, `create_by`, `create_time`, `update_by`, `update_time`, `remark`) VALUES ('1480903302374752311', '1309851245195821056', '1370412169610395652', NULL, NULL, NULL, NULL, NULL);
INSERT INTO `sys_role_power` (`id`, `role_id`, `power_id`, `create_by`, `create_time`, `update_by`, `update_time`, `remark`) VALUES ('1480903302374752312', '1309851245195821056', '1370412169610395651', NULL, NULL, NULL, NULL, NULL);
INSERT INTO `sys_role_power` (`id`, `role_id`, `power_id`, `create_by`, `create_time`, `update_by`, `update_time`, `remark`) VALUES ('1480903302374752313', '1309851245195821056', '1370412169610395650', NULL, NULL, NULL, NULL, NULL);
INSERT INTO `sys_role_power` (`id`, `role_id`, `power_id`, `create_by`, `create_time`, `update_by`, `update_time`, `remark`) VALUES ('1480903302374752314', '1309851245195821056', '1370412169610395649', NULL, NULL, NULL, NULL, NULL);
INSERT INTO `sys_role_power` (`id`, `role_id`, `power_id`, `create_by`, `create_time`, `update_by`, `update_time`, `remark`) VALUES ('1480903302374752315', '1309851245195821056', '1355962888132493312', NULL, NULL, NULL, NULL, NULL);
INSERT INTO `sys_role_power` (`id`, `role_id`, `power_id`, `create_by`, `create_time`, `update_by`, `update_time`, `remark`) VALUES ('1480903302374752316', '1309851245195821056', '1370974716822552576', NULL, NULL, NULL, NULL, NULL);
INSERT INTO `sys_role_power` (`id`, `role_id`, `power_id`, `create_by`, `create_time`, `update_by`, `update_time`, `remark`) VALUES ('1480903302374752317', '1309851245195821056', '1480898919104774144', NULL, NULL, NULL, NULL, NULL);
INSERT INTO `sys_role_power` (`id`, `role_id`, `power_id`, `create_by`, `create_time`, `update_by`, `update_time`, `remark`) VALUES ('1480903326789795840', '1356112133691015168', '1480898919104774144', NULL, NULL, NULL, NULL, NULL);
INSERT INTO `sys_role_power` (`id`, `role_id`, `power_id`, `create_by`, `create_time`, `update_by`, `update_time`, `remark`) VALUES ('442062615250866176', '693913251020275712', '1', NULL, NULL, NULL, NULL, NULL);
INSERT INTO `sys_role_power` (`id`, `role_id`, `power_id`, `create_by`, `create_time`, `update_by`, `update_time`, `remark`) VALUES ('442062615250866177', '693913251020275712', '2', NULL, NULL, NULL, NULL, NULL);
INSERT INTO `sys_role_power` (`id`, `role_id`, `power_id`, `create_by`, `create_time`, `update_by`, `update_time`, `remark`) VALUES ('442062615250866178', '693913251020275712', '3', NULL, NULL, NULL, NULL, NULL);
INSERT INTO `sys_role_power` (`id`, `role_id`, `power_id`, `create_by`, `create_time`, `update_by`, `update_time`, `remark`) VALUES ('442062615250866179', '693913251020275712', '4', NULL, NULL, NULL, NULL, NULL);
COMMIT;

-- ----------------------------
-- Table structure for sys_user
-- ----------------------------
DROP TABLE IF EXISTS `sys_user`;
CREATE TABLE `sys_user` (
  `user_id` char(19) CHARACTER SET utf8mb4 COLLATE utf8mb4_0900_ai_ci NOT NULL COMMENT '编号',
  `username` char(20) CHARACTER SET utf8mb4 COLLATE utf8mb4_0900_ai_ci DEFAULT NULL COMMENT '账户',
  `password` char(60) CHARACTER SET utf8mb4 COLLATE utf8mb4_0900_ai_ci DEFAULT NULL COMMENT '密码',
  `salt` char(10) CHARACTER SET utf8mb4 COLLATE utf8mb4_0900_ai_ci DEFAULT NULL COMMENT '姓名',
  `status` char(1) CHARACTER SET utf8mb4 COLLATE utf8mb4_0900_ai_ci DEFAULT NULL COMMENT '状态',
  `real_name` char(8) CHARACTER SET utf8mb4 COLLATE utf8mb4_0900_ai_ci DEFAULT NULL COMMENT '姓名',
  `email` char(20) CHARACTER SET utf8mb4 COLLATE utf8mb4_0900_ai_ci DEFAULT NULL COMMENT '邮箱',
  `avatar` varchar(30) CHARACTER SET utf8mb4 COLLATE utf8mb4_0900_ai_ci DEFAULT NULL COMMENT '头像',
  `sex` char(1) CHARACTER SET utf8mb4 COLLATE utf8mb4_0900_ai_ci DEFAULT NULL COMMENT '性别',
  `phone` char(11) CHARACTER SET utf8mb4 COLLATE utf8mb4_0900_ai_ci DEFAULT NULL COMMENT '电话',
  `create_time` datetime DEFAULT NULL COMMENT '创建时间',
  `create_by` char(1) CHARACTER SET utf8mb4 COLLATE utf8mb4_0900_ai_ci DEFAULT NULL COMMENT '创建人',
  `update_time` datetime DEFAULT NULL COMMENT '修改时间',
  `update_by` char(1) CHARACTER SET utf8mb4 COLLATE utf8mb4_0900_ai_ci DEFAULT NULL COMMENT '修改人',
  `remark` varchar(255) CHARACTER SET utf8mb4 COLLATE utf8mb4_0900_ai_ci DEFAULT NULL COMMENT '备注',
  `enable` char(1) CHARACTER SET utf8mb4 COLLATE utf8mb4_0900_ai_ci DEFAULT NULL COMMENT '是否启用',
  `login` char(1) CHARACTER SET utf8mb4 COLLATE utf8mb4_0900_ai_ci DEFAULT NULL COMMENT '是否登录',
  `dept_id` char(19) CHARACTER SET utf8mb4 COLLATE utf8mb4_0900_ai_ci DEFAULT NULL COMMENT '部门编号',
  `last_time` datetime DEFAULT NULL COMMENT '最后一次登录时间',
  `birthday` date DEFAULT NULL,
  PRIMARY KEY (`user_id`) USING BTREE
) ENGINE=InnoDB DEFAULT CHARSET=utf8mb4 COLLATE=utf8mb4_0900_ai_ci ROW_FORMAT=DYNAMIC;

-- ----------------------------
-- Records of sys_user
-- ----------------------------
BEGIN;
INSERT INTO `sys_user` (`user_id`, `username`, `password`, `salt`, `status`, `real_name`, `email`, `avatar`, `sex`, `phone`, `create_time`, `create_by`, `update_time`, `update_by`, `remark`, `enable`, `login`, `dept_id`, `last_time`, `birthday`) VALUES ('1480148706069053441', 'admin', '$2a$10$pi.9KWWb/NBQIPNF3glHM.TRAguT6lUv.tfS3KauFP4Neazo7/c52', NULL, '1', '赵', '845391508@qq.com', NULL, '0', '18121952772', NULL, NULL, NULL, NULL, NULL, '1', NULL, '1480151210588635136', '2022-01-28 19:07:42', '2022-01-12');
INSERT INTO `sys_user` (`user_id`, `username`, `password`, `salt`, `status`, `real_name`, `email`, `avatar`, `sex`, `phone`, `create_time`, `create_by`, `update_time`, `update_by`, `remark`, `enable`, `login`, `dept_id`, `last_time`, `birthday`) VALUES ('1480148801091010561', 'yonhu', '$2a$10$18/sWmGD6tdLffktBpl0G.qgxDFiuSrglr1l/GOp/k9zUNnDpgWd2', NULL, '1', '用户1', '845391508@qq.com', NULL, '0', '13558724972', NULL, NULL, NULL, NULL, NULL, '1', NULL, '', '2022-01-09 20:06:12', '2011-01-05');
INSERT INTO `sys_user` (`user_id`, `username`, `password`, `salt`, `status`, `real_name`, `email`, `avatar`, `sex`, `phone`, `create_time`, `create_by`, `update_time`, `update_by`, `remark`, `enable`, `login`, `dept_id`, `last_time`, `birthday`) VALUES ('1480560195640754177', 'yonhu2', '$2a$10$PdmzDepzOJ2Qr8jB/Y52ruveO3B7WB14tk6GS/lzHnhq49MgK323G', NULL, '1', '用户2', '845391508@qq.com', NULL, '0', '18121952772', NULL, NULL, NULL, NULL, NULL, '1', NULL, '1480154314172268544', '2022-01-10 23:21:15', '2015-01-06');
INSERT INTO `sys_user` (`user_id`, `username`, `password`, `salt`, `status`, `real_name`, `email`, `avatar`, `sex`, `phone`, `create_time`, `create_by`, `update_time`, `update_by`, `remark`, `enable`, `login`, `dept_id`, `last_time`, `birthday`) VALUES ('1480560558213169153', 'super', '$2a$10$dgrwr/GYqDCJD1DivnBdsOc.GSus6x.A8BNVRjQxWDfYQ34hBRrv6', NULL, '1', '赵兴', '845391508@qq.com', NULL, '0', '18121952772', NULL, NULL, NULL, NULL, NULL, '1', NULL, '1480151210588635136', '2022-01-17 11:29:37', '1989-01-21');
INSERT INTO `sys_user` (`user_id`, `username`, `password`, `salt`, `status`, `real_name`, `email`, `avatar`, `sex`, `phone`, `create_time`, `create_by`, `update_time`, `update_by`, `remark`, `enable`, `login`, `dept_id`, `last_time`, `birthday`) VALUES ('1483797829385191425', 'libin', '$2a$10$8zIq4h.JhVhNJqWLuon/9er.VmJ9s/ixzcLnm0s2I8/Q3b8PtoP5G', NULL, '1', '李兵', '845391508@qq.com', NULL, '0', '18121952772', NULL, NULL, NULL, NULL, NULL, '1', NULL, '1480154314172268544', NULL, '1996-01-03');
COMMIT;

-- ----------------------------
-- Table structure for sys_user_role
-- ----------------------------
DROP TABLE IF EXISTS `sys_user_role`;
CREATE TABLE `sys_user_role` (
  `id` char(19) CHARACTER SET utf8mb4 COLLATE utf8mb4_0900_ai_ci NOT NULL COMMENT '标识',
  `user_id` char(19) CHARACTER SET utf8mb4 COLLATE utf8mb4_0900_ai_ci DEFAULT NULL COMMENT '用户编号',
  `role_id` char(19) CHARACTER SET utf8mb4 COLLATE utf8mb4_0900_ai_ci DEFAULT NULL COMMENT '角色编号',
  PRIMARY KEY (`id`) USING BTREE
) ENGINE=InnoDB DEFAULT CHARSET=utf8mb4 COLLATE=utf8mb4_0900_ai_ci ROW_FORMAT=DYNAMIC;

-- ----------------------------
-- Records of sys_user_role
-- ----------------------------
BEGIN;
INSERT INTO `sys_user_role` (`id`, `user_id`, `role_id`) VALUES ('1480026557232709632', '1480026504636137473', '1309851245195821056');
INSERT INTO `sys_user_role` (`id`, `user_id`, `role_id`) VALUES ('1480136574380277760', '1480133870459289601', '1356112133691015168');
INSERT INTO `sys_user_role` (`id`, `user_id`, `role_id`) VALUES ('1480559895701880832', '1480148706069053441', '1309851245195821056');
INSERT INTO `sys_user_role` (`id`, `user_id`, `role_id`) VALUES ('1480560195951132672', '1480560195640754177', '1356112133691015168');
INSERT INTO `sys_user_role` (`id`, `user_id`, `role_id`) VALUES ('1480560558519353344', '1480560558213169153', '1309851245195821056');
INSERT INTO `sys_user_role` (`id`, `user_id`, `role_id`) VALUES ('1485604152863096832', '1483797829385191425', '1480860500660060160');
COMMIT;

SET FOREIGN_KEY_CHECKS = 1;
